name,nationality,average_buy_in,number_of_cashes,sum_of_cashes,average_placement,number_of_binks,number_of_countries_cashed,first_date,last_date,unique_views
NA,David Stainton,443.05913787511395,2,4622,21,0,2,2005-06-02T00:00:00Z,2006-05-02T00:00:00Z,1462
Roberto Lau Aliaga,Chile,1.5400518552400229,1,2180,50,1,1,2012-03-21T00:00:00Z,2012-03-21T00:00:00Z,760
John Tilton,United States,1500,1,2641,100,0,1,2018-06-18T00:00:00Z,2018-06-18T00:00:00Z,43
Rodrigo Pires,Brazil,533.5774506740555,4,5570,177.75,0,2,2013-06-30T00:00:00Z,2015-11-27T00:00:00Z,738
Isaac Escobar,United States,245,3,2668,21.666666666666668,0,1,2013-02-05T00:00:00Z,2018-06-15T00:00:00Z,824
Sami Yazidi,Belgium,116.49243531945419,3,2707,4.666666666666667,0,1,2010-04-29T00:00:00Z,2016-09-13T00:00:00Z,1428
Daniel Lombardi,United States,282.5,2,1275,38.5,0,1,2010-06-17T00:00:00Z,2012-11-30T00:00:00Z,1352
Gabriel Jakubov,Slovakia,1.2836015326031152,1,180,6,1,1,2015-04-14T00:00:00Z,2015-04-14T00:00:00Z,211
Dan Major,United States,108.33333333333333,3,1798,3.3333333333333335,0,1,2014-12-09T00:00:00Z,2018-12-17T00:00:00Z,262
Diane Sutton,England,26.456252227330424,27,5916,3.7037037037037037,1,1,2013-01-09T00:00:00Z,2017-06-20T00:00:00Z,438
Milvan Kovačević,Germany,2.995070242740602,1,484,8,1,1,2016-10-21T00:00:00Z,2016-10-21T00:00:00Z,215
Edgars Zelcs,England,21.4510153194571,3,793,4,0,1,2015-05-09T00:00:00Z,2016-07-27T00:00:00Z,217
Ange-Francois Cucci,France,13.929016493812732,1,6141,1,1,1,2012-10-18T00:00:00Z,2012-10-18T00:00:00Z,677
Denis Obadic,Croatia,0,1,14000,2,1,1,2010-01-11T00:00:00Z,2010-01-11T00:00:00Z,1629
Jaspreet Grewal,Canada,912.5,2,3475,41.5,0,1,2013-02-28T00:00:00Z,2013-05-17T00:00:00Z,580
Marv Staska,United States,90,1,320,2,0,1,2015-05-03T00:00:00Z,2015-05-03T00:00:00Z,180
Bernard Soltan,France,328.2665920425714,2,39382,7,1,2,2009-10-10T00:00:00Z,2015-05-08T00:00:00Z,1909
Scott Wolhart,United States,235,1,2336,3,0,1,2015-12-16T00:00:00Z,2015-12-16T00:00:00Z,463
Irving Pimental,United States,667.8947368421053,19,53573,28.526315789473685,0,1,2010-05-15T00:00:00Z,2018-11-13T00:00:00Z,1734
Carlo Caponetta,United States,350,1,943,26,0,1,2016-11-12T00:00:00Z,2016-11-12T00:00:00Z,166
Jarno Matias Jokiniemi,Finland,397.58340469166035,7,6742,27.285714285714285,0,2,2017-07-15T00:00:00Z,2018-10-21T00:00:00Z,373
Rui Dores,Portugal,492.71658126577495,17,124271,10.647058823529411,3,2,2013-02-05T00:00:00Z,2018-09-20T00:00:00Z,1080
Aleksandr Logunov,Ukraine,18.80150696334492,1,3374,4,1,1,2013-10-03T00:00:00Z,2013-10-03T00:00:00Z,563
Andrew Beardsley,United States,530,5,101687,45.8,1,1,2013-11-22T00:00:00Z,2014-11-14T00:00:00Z,870
Mayazul Islam Marzan,Canada,115.55359028856813,4,1664,166.75,0,1,2016-09-02T00:00:00Z,2018-07-28T00:00:00Z,149
Dan Mcfate,United States,307.5,2,3219,23,0,1,2016-08-19T00:00:00Z,2017-02-08T00:00:00Z,650
Bob Levatt,United States,300,1,744,21,0,1,2004-08-02T00:00:00Z,2004-08-02T00:00:00Z,1017
Coba Huynh Cao,United States,2584.1598238049264,6,58652,137.33333333333334,0,2,2009-06-13T00:00:00Z,2013-06-10T00:00:00Z,4037
Ann Marie Poppas,United States,50.666666666666664,3,494,9,0,1,2014-01-19T00:00:00Z,2016-06-11T00:00:00Z,464
James Martin Aris,Scotland,29.82191780821918,73,32435,4,20,1,2013-07-26T00:00:00Z,2018-04-15T00:00:00Z,1657
Jesus Rivera,United States,49.98357713182324,5,6322,12.2,1,2,2010-09-28T00:00:00Z,2018-05-03T00:00:00Z,1232
Kyle Lyle,United States,500,1,1565,23,0,1,2007-09-10T00:00:00Z,2007-09-10T00:00:00Z,859
Slade Helde,United States,161.66666666666666,3,2206,52.666666666666664,0,1,2014-06-15T00:00:00Z,2018-12-30T00:00:00Z,418
Jose Basa,United States,429,10,55181,24.1,3,1,2010-08-23T00:00:00Z,2018-08-27T00:00:00Z,1749
Germ Sikma,Netherlands,450.938459301113,1,860,14,0,1,2016-12-22T00:00:00Z,2016-12-22T00:00:00Z,277
NA,Romildo Grand Bois,338.2038444758348,1,1566,6,0,1,2012-09-22T00:00:00Z,2012-09-22T00:00:00Z,630
Carlos Lopez Deschamps,Spain,163.4651914966535,4,3178,82.5,0,1,2014-01-13T00:00:00Z,2017-08-16T00:00:00Z,850
Jemma Pateman,England,239.21782265798205,22,20959,28.09090909090909,0,1,2008-03-23T00:00:00Z,2016-08-02T00:00:00Z,3676
NA,Scott Boruows,500,1,719,46,0,1,2009-06-06T00:00:00Z,2009-06-06T00:00:00Z,1357
Carl Naurith,United States,200,1,580,12,0,1,2009-06-10T00:00:00Z,2009-06-10T00:00:00Z,1257
Heiko Klimanschewsky,Germany,168.26417663266926,2,2598,8.5,0,2,2015-05-21T00:00:00Z,2016-05-03T00:00:00Z,410
Claudio Santacruz,United States,100,1,145,35,0,1,2015-07-27T00:00:00Z,2015-07-27T00:00:00Z,334
Abdelkader Benhallou,France,140.91826853159782,1,394,7,0,1,2018-04-01T00:00:00Z,2018-04-01T00:00:00Z,15
Bryant Lipscomb,United States,287.1596153846154,52,125934,14.5,6,1,2006-11-28T00:00:00Z,2018-11-14T00:00:00Z,2696
Patrick Kristiansen,Norway,238.936860420466,3,3645,34,0,1,2015-10-10T00:00:00Z,2017-11-25T00:00:00Z,282
Nizar Sebbar,Morocco,10.317789995416838,1,416,3,1,1,2014-04-21T00:00:00Z,2014-04-21T00:00:00Z,336
Victor Kartavtsev,United States,235,7,30006,38.57142857142857,2,1,2016-11-12T00:00:00Z,2018-02-02T00:00:00Z,348
Mark James            'the shark',England,483.028289173849,44,254402,18.59090909090909,6,4,2007-05-15T00:00:00Z,2018-03-02T00:00:00Z,7969
Ron Bowers,United States,265.0769230769231,13,47973,45.23076923076923,2,1,2005-01-09T00:00:00Z,2019-01-17T00:00:00Z,1379
Gernot Stocker,United States,287.8910247087971,3,2075,19,0,2,2008-06-14T00:00:00Z,2010-03-07T00:00:00Z,2075
Raffaele De Cicco,Italy,98.64278797211847,4,1997,33.5,0,1,2010-03-07T00:00:00Z,2018-07-16T00:00:00Z,1915
Joseph Maertens,United States,356,5,24582,290,1,1,2014-09-06T00:00:00Z,2016-06-08T00:00:00Z,603
Tera Cayabyab,United States,216.66666666666666,3,2264,13,0,1,2015-10-16T00:00:00Z,2018-02-07T00:00:00Z,722
Ali Tousi,United States,100,1,1084,4,0,1,2009-06-27T00:00:00Z,2009-06-27T00:00:00Z,509
Louis Gobert,United States,223.85714285714286,35,97305,183.05714285714285,2,1,2005-11-11T00:00:00Z,2016-02-11T00:00:00Z,2092
Javier Garcia Lopez De Lamadrid,Spain,56.36730741263913,1,227,15,0,1,2014-02-23T00:00:00Z,2014-02-23T00:00:00Z,386
Oleh Shyker,Ukraine,14.119616858634267,1,693,165,1,1,2017-12-09T00:00:00Z,2017-12-09T00:00:00Z,66
Karl Heinz Kamper,Austria,119.49869171479494,2,1586,3,0,1,2016-01-12T00:00:00Z,2016-04-12T00:00:00Z,264
Fahd Bennani Smires,Morocco,363.05951775258114,37,180248,12.486486486486486,5,3,2011-03-06T00:00:00Z,2018-06-09T00:00:00Z,8353
Andrew Peoples,United States,125,1,318,17,0,1,2012-06-02T00:00:00Z,2012-06-02T00:00:00Z,624
Jay Kaneshiro,United States,216.1904761904762,21,37140,43.19047619047619,1,1,2011-03-28T00:00:00Z,2018-09-04T00:00:00Z,1559
Ryan Thomas,United States,119.64285714285714,14,10158,6.5,0,1,2015-08-08T00:00:00Z,2018-12-11T00:00:00Z,109
Eduardo Trulli,United States,5017.798279534543,2,47835,92.5,0,2,2009-03-19T00:00:00Z,2012-07-07T00:00:00Z,1787
Yang Teng Tan,Singapore,0.09875129028003843,2,5950,3,2,1,2015-10-24T00:00:00Z,2015-10-27T00:00:00Z,315
Anisoara Iona,Spain,45.0938459301113,1,91,9,0,1,2016-10-28T00:00:00Z,2016-10-28T00:00:00Z,122
Marty Ash,United States,340,2,2627,5.5,0,1,2012-09-03T00:00:00Z,2015-12-12T00:00:00Z,767
Age Elvebakk,Norway,294.7865370631956,2,1983,6.5,0,1,2013-03-16T00:00:00Z,2013-03-17T00:00:00Z,433
Jason Best,England,25.74121838334852,1,129,2,0,1,2013-04-03T00:00:00Z,2013-04-03T00:00:00Z,396
Mario Torres,United States,235,1,652,36,0,1,2014-06-22T00:00:00Z,2014-06-22T00:00:00Z,352
Kenneth Knipe,South Africa,240.63469086640592,4,55978,42.25,1,2,2012-10-19T00:00:00Z,2015-06-17T00:00:00Z,1077
Matthew Cardinalli,United States,345,15,22073,26.333333333333332,0,1,2010-05-01T00:00:00Z,2018-10-12T00:00:00Z,1164
NA,Christoph Menhoffer,56.36730741263913,1,0,18,0,1,2007-09-08T00:00:00Z,2007-09-08T00:00:00Z,836
Michelle Symonds,United States,180,1,411,17,0,1,2012-01-15T00:00:00Z,2012-01-15T00:00:00Z,611
Elena Artemeva,Russia,59.17170498096012,2,815,37.5,0,2,2016-06-11T00:00:00Z,2017-01-26T00:00:00Z,285
Anthon Askey,United States,150,1,152,94,0,1,2014-06-28T00:00:00Z,2014-06-28T00:00:00Z,368
Dimitri Perrier,France,1000,1,2079,377,0,1,2012-07-04T00:00:00Z,2012-07-04T00:00:00Z,950
Lee Dean,England,138.6459966163592,5,1773,27.8,0,2,2011-05-16T00:00:00Z,2018-07-21T00:00:00Z,1118
Frank-Foti Karalis,Australia,76.62935072717423,1,540,8,0,1,2008-07-27T00:00:00Z,2008-07-27T00:00:00Z,537
Raynanza Duke,United States,286.53846153846155,13,13537,27.307692307692307,0,1,2008-10-03T00:00:00Z,2019-01-03T00:00:00Z,2074
D Kylo,England,91.7030904906791,4,3012,5.25,1,1,1995-03-02T00:00:00Z,2003-01-23T00:00:00Z,1576
Chuck Hooks,United States,2000,1,13550,26,0,1,2011-09-01T00:00:00Z,2011-09-01T00:00:00Z,735
Tony Daoud,Australia,383.1467536358711,8,16472,15.75,0,1,2008-04-25T00:00:00Z,2018-07-04T00:00:00Z,1800
Paul Maguire,Ireland,141.904696411319,8,2927,14,0,1,2011-01-23T00:00:00Z,2016-04-21T00:00:00Z,1741
Adam Varrenti,United States,428.75,8,13985,37.125,0,1,2010-03-11T00:00:00Z,2014-09-12T00:00:00Z,1574
Stephen Webley,England,23.596116851402808,3,766,3,0,1,2017-09-21T00:00:00Z,2017-10-08T00:00:00Z,144
Kevin Mcclurg,United States,192.71052631578948,38,42843,23.86842105263158,1,1,2012-06-30T00:00:00Z,2019-01-13T00:00:00Z,1813
Edward Melgar,United States,150,1,230,10,0,1,2016-06-01T00:00:00Z,2016-06-01T00:00:00Z,209
Gonzalo Bernstein,Chile,508.21711222920754,1,1221,22,0,1,2015-05-14T00:00:00Z,2015-05-14T00:00:00Z,379
Sol Bergren,Canada,2930.7028560968247,22,577683,100.63636363636364,2,6,2005-07-07T00:00:00Z,2017-10-06T00:00:00Z,7205
Ronan Costa Koerich,Brazil,313.4174591907957,1,1178,76,0,1,2010-05-14T00:00:00Z,2010-05-14T00:00:00Z,1816
Dan Flaute,United States,250,1,1350,5,0,1,2017-01-28T00:00:00Z,2017-01-28T00:00:00Z,153
Jacikevicius Aurimas,Austria,22.54692296505565,1,187,2,0,1,2016-05-01T00:00:00Z,2016-05-01T00:00:00Z,170
David Kim,United States,242.77777777777777,9,8855,75.33333333333333,0,1,2010-01-21T00:00:00Z,2019-01-16T00:00:00Z,2179
Ernest Bennett,United States,353.5074074074074,54,540932,14.685185185185185,10,1,2004-05-07T00:00:00Z,2016-09-03T00:00:00Z,4955
Tariq Mahood,Canada,431.4000704106544,1,3450,5,0,1,2014-04-01T00:00:00Z,2014-04-01T00:00:00Z,483
Shuowen Hou,China,236.7318108222835,1,5592,51,1,1,2014-10-28T00:00:00Z,2014-10-28T00:00:00Z,286
Dan Browne,United States,200,1,4280,2,1,1,1991-11-14T00:00:00Z,1991-11-14T00:00:00Z,943
Steve Ramsey,England,64.3530459583713,1,170,37,0,1,2014-07-23T00:00:00Z,2014-07-23T00:00:00Z,386
Alex Phung,Canada,577.7679514428407,2,6501,7,0,1,2011-12-14T00:00:00Z,2017-06-10T00:00:00Z,673
Chadwick White,Canada,309.11611229189765,4,33054,29,2,2,2008-02-13T00:00:00Z,2015-04-15T00:00:00Z,993
Filip Smolen,Poland,74.87675606851505,2,3130,19,1,1,2013-08-03T00:00:00Z,2014-07-26T00:00:00Z,633
Johannes Bergman,Netherlands,17.071900383621433,1,1267,35,1,1,2016-01-28T00:00:00Z,2016-01-28T00:00:00Z,139
Young Kim,United States,100,1,219,10,0,1,2016-11-21T00:00:00Z,2016-11-21T00:00:00Z,252
Juan Carlos Gordillo Andres,Spain,33.82038444758348,1,134,12,0,1,2015-06-25T00:00:00Z,2015-06-25T00:00:00Z,355
Daniel Garner,United States,617.5,2,8307,89,0,1,2012-06-14T00:00:00Z,2012-06-15T00:00:00Z,766
NA,Nigel Hall,112.73461482527826,1,1755,2,0,1,2012-10-01T00:00:00Z,2012-10-01T00:00:00Z,597
Mark Zammit,Australia,36.782088349043626,1,263,3,0,1,2018-08-21T00:00:00Z,2018-08-21T00:00:00Z,14
Mikhail Kemel,United States,1000,1,3300,12,0,1,2008-08-18T00:00:00Z,2008-08-18T00:00:00Z,1840
Reynhart Van-Rooyen,South Africa,0,1,34298,5,1,1,2008-05-29T00:00:00Z,2008-05-29T00:00:00Z,1654
Cliff Gassert,United States,470,5,5644,245,0,1,2012-07-21T00:00:00Z,2018-06-15T00:00:00Z,829
Tony Glencastle,England,28.958870681267086,2,236,9,0,1,2013-01-20T00:00:00Z,2018-02-03T00:00:00Z,365
Daniel Gray,United States,125,1,360,4,0,1,2014-10-09T00:00:00Z,2014-10-09T00:00:00Z,479
Rolf Andersen,Brazil,592.3589978706038,3,114370,42.666666666666664,1,1,2011-07-21T00:00:00Z,2014-01-31T00:00:00Z,1587
Alexandre Philippe,Canada,154.07145371809085,1,370,174,0,1,2017-04-25T00:00:00Z,2017-04-25T00:00:00Z,203
Paul Hodge,United States,500,12,33827,36.25,1,1,2012-06-17T00:00:00Z,2015-11-19T00:00:00Z,1585
Alan Andersen,Spain,56.36730741263913,1,696,3,0,1,2017-07-27T00:00:00Z,2017-07-27T00:00:00Z,166
Jay Nejad,United States,100,1,1000,1,0,1,2017-03-16T00:00:00Z,2017-03-16T00:00:00Z,198
Andrew Kelly,United States,365,1,1375,72,0,1,2018-02-02T00:00:00Z,2018-02-02T00:00:00Z,48
Ladorna Mcgee,United States,217.5,2,1728,8,0,1,2011-09-18T00:00:00Z,2011-10-22T00:00:00Z,1108
Wiktor Pyzara,Poland,169.1019222379174,1,371,11,0,1,2012-03-25T00:00:00Z,2012-03-25T00:00:00Z,812
Chad Eggersgluss,United States,0,1,91,6,1,1,2016-05-23T00:00:00Z,2016-05-23T00:00:00Z,155
Amy Schwarz,United States,283.3333333333333,3,16965,45.666666666666664,1,1,2017-06-17T00:00:00Z,2018-07-07T00:00:00Z,397
Patrick Arnold,Australia,49.809077972663246,2,713,1.5,0,1,2007-11-18T00:00:00Z,2007-12-16T00:00:00Z,361
Brett Murray,United States,706.4797297297297,148,1253101,57.78378378378378,16,1,2011-06-30T00:00:00Z,2019-01-18T00:00:00Z,11249
Dominic Noland,United States,350,1,950,15,0,1,2017-12-17T00:00:00Z,2017-12-17T00:00:00Z,62
Bullimore James William Albert,England,38.61182757502278,1,768,1,0,1,2016-04-04T00:00:00Z,2016-04-04T00:00:00Z,219
Michael Ornig,Austria,563.6730741263913,1,1598,23,0,1,2013-10-24T00:00:00Z,2013-10-24T00:00:00Z,587
Pedro Maia,Portugal,469.50411908125153,14,42708,25.928571428571427,1,2,2008-06-06T00:00:00Z,2012-11-29T00:00:00Z,2362
Babak Bolshani,United States,100,1,234,4,0,1,2018-04-09T00:00:00Z,2018-04-09T00:00:00Z,39
Margareta Morris,United States,998.0769230769231,13,343924,25.76923076923077,2,1,2005-03-28T00:00:00Z,2017-02-24T00:00:00Z,3491
William Nolan,Ireland,436.8466324479532,2,6577,4.5,0,1,2016-07-08T00:00:00Z,2018-01-05T00:00:00Z,77
Alexandr Anisei,Czech Republic,1.7114687101374868,1,117,9,1,1,2012-10-28T00:00:00Z,2012-10-28T00:00:00Z,544
Richard Booker,United States,718.3333333333334,3,6341,29.333333333333332,0,1,2013-01-18T00:00:00Z,2019-01-20T00:00:00Z,673
Ricnard Man Sung,England,64.3530459583713,1,469,1,0,1,2013-08-25T00:00:00Z,2013-08-25T00:00:00Z,408
Kai Viggo Bergersen,Norway,500,1,2484,15,0,1,2018-05-02T00:00:00Z,2018-05-02T00:00:00Z,54
Jean Miccio,United States,327.5,28,51928,18.642857142857142,0,1,2008-06-16T00:00:00Z,2019-01-20T00:00:00Z,2573
Michael Jen,United States,793.125,8,112520,12.125,2,1,2013-11-15T00:00:00Z,2018-11-16T00:00:00Z,1953
Rudy Flores,United States,95,3,2490,22.333333333333332,1,1,2011-07-05T00:00:00Z,2017-12-15T00:00:00Z,844
Steve Jukes,England,0,1,194,2,1,1,2016-04-21T00:00:00Z,2016-04-21T00:00:00Z,175
Zunxian Zhou,United States,230,2,2859,4.5,0,1,2018-04-03T00:00:00Z,2018-08-02T00:00:00Z,153
Gang Hu,United States,120,1,270,15,0,1,2014-11-21T00:00:00Z,2014-11-21T00:00:00Z,294
Vinh Lam,United States,150,1,262,107,0,1,2017-08-23T00:00:00Z,2017-08-23T00:00:00Z,69
NA,Kaksa Matija,100,1,602,2,0,1,2011-12-08T00:00:00Z,2011-12-08T00:00:00Z,599
Damon Schulenberger,Philippines,159.178856591162,2,2691,14,0,2,2012-09-19T00:00:00Z,2012-12-05T00:00:00Z,842
Joe Thaller,United States,35,1,1580,1,1,1,1995-01-01T00:00:00Z,1995-01-01T00:00:00Z,734
Kurtis Koenig,United States,47,5,3650,2.6,2,1,2015-08-09T00:00:00Z,2018-03-18T00:00:00Z,279
Adam Kaczorek,Poland,48.97959615925834,1,50,6,0,1,2009-06-22T00:00:00Z,2009-06-22T00:00:00Z,358
Mike Neinhouse,United States,150,2,560,10.5,0,1,2008-03-07T00:00:00Z,2008-03-08T00:00:00Z,1451
Jack Gibson,England,61.135393660452735,4,1136,6.5,0,1,2018-06-01T00:00:00Z,2018-12-07T00:00:00Z,20
Frank Pica,United States,100,1,309,9,0,1,2010-10-04T00:00:00Z,2010-10-04T00:00:00Z,825
John Streese,United States,379,5,8438,39.8,0,1,2015-07-08T00:00:00Z,2018-08-16T00:00:00Z,993
Craig Blades,England,101.01971262503797,3,3326,4.333333333333333,0,2,2015-10-31T00:00:00Z,2018-03-24T00:00:00Z,323
Antonio Amatulli,Italy,225.4692296505565,1,443,3,0,1,2013-06-13T00:00:00Z,2013-06-13T00:00:00Z,512
Sezer Aygoeren,Belgium,67.64076889516696,1,77,7,0,1,2011-07-30T00:00:00Z,2011-07-30T00:00:00Z,323
Mark Conroy,United States,100,2,1988,2,0,1,2016-08-25T00:00:00Z,2017-07-02T00:00:00Z,285
Riekus Wijermars,Netherlands,2649.061778694185,9,75005,71.55555555555556,0,5,2010-10-26T00:00:00Z,2018-08-02T00:00:00Z,4479
Siroos Raoufi,Germany,285.15250768908703,2,6420,8,0,2,2011-05-28T00:00:00Z,2013-08-23T00:00:00Z,935
Ariel Lorenzo,United States,131.66666666666666,3,874,20.333333333333332,0,1,2013-06-13T00:00:00Z,2014-06-14T00:00:00Z,506
W Oppers,Netherlands,225.4692296505565,1,512,15,0,1,2015-01-25T00:00:00Z,2015-01-25T00:00:00Z,369
Joseph Kfouri,Australia,0,12,953,4.833333333333333,12,1,2014-01-24T00:00:00Z,2014-05-02T00:00:00Z,367
Loren Kovich,United States,150,1,1091,5,0,1,2016-10-12T00:00:00Z,2016-10-12T00:00:00Z,219
Lawrence George Onion,England,35.42481958470344,21,4184,3.4285714285714284,0,1,2013-12-26T00:00:00Z,2016-11-27T00:00:00Z,647
Scott Barnes,United States,183.33333333333334,3,1606,17.333333333333332,0,1,2012-09-01T00:00:00Z,2018-06-20T00:00:00Z,800
Sonja Starks,United States,157.85714285714286,7,2889,15.571428571428571,0,1,2012-02-05T00:00:00Z,2016-08-13T00:00:00Z,965
NA,Wilhem Lahousen,400,1,1417,8,0,1,2010-11-19T00:00:00Z,2010-11-19T00:00:00Z,1145
Jesús Sánchez Santamaría,Spain,323.172562499131,3,6272,6.333333333333333,0,1,2009-10-23T00:00:00Z,2012-09-02T00:00:00Z,1539
John Coletta,United States,10000,1,19263,679,0,1,2010-07-05T00:00:00Z,2010-07-05T00:00:00Z,1466
Yoel Benarosch,United States,250,1,760,110,0,1,2018-03-09T00:00:00Z,2018-03-09T00:00:00Z,61
Jean Jaque Bessy,France,338.2038444758348,1,3174,8,0,1,2005-02-17T00:00:00Z,2005-02-17T00:00:00Z,1308
Sandra Rajnish,United States,137.5,2,576,58,0,1,2014-10-24T00:00:00Z,2018-09-28T00:00:00Z,278
Dan Fallas,United States,50,1,95,50,0,1,2008-09-25T00:00:00Z,2008-09-25T00:00:00Z,1603
Rune Jakobsen,Norway,154.2503782461236,1,600,44,0,1,2015-10-24T00:00:00Z,2015-10-24T00:00:00Z,319
Jerad Smith,United States,250,1,400,115,0,1,2018-09-18T00:00:00Z,2018-09-18T00:00:00Z,12
Clint Foust,Ireland,56.36730741263913,2,573,2.5,0,1,2015-01-16T00:00:00Z,2015-01-25T00:00:00Z,208
Hu Hao Yang,Taiwan,197.1514701272971,1,2152,6,0,1,2018-09-02T00:00:00Z,2018-09-02T00:00:00Z,16
Thomas Fraher,United States,1000,1,1823,374,0,1,2011-06-17T00:00:00Z,2011-06-17T00:00:00Z,1245
Tomer Morav,Israel,181.58986925508088,4,3420,29,0,3,2016-07-13T00:00:00Z,2018-11-04T00:00:00Z,193
Jose Maria Rodriquez,United States,300,4,62575,5.25,1,2,2002-12-01T00:00:00Z,2006-09-18T00:00:00Z,1486
Jason Chan,United States,688.2142857142857,14,278486,50,2,1,2005-02-12T00:00:00Z,2018-06-04T00:00:00Z,2699
Thomas Jespersen,Sweden,760.7452635122112,2,19588,4,1,1,2017-08-10T00:00:00Z,2018-08-10T00:00:00Z,258
Mladel Biletic,Austria,24.801615261561217,1,56,570,0,1,2015-10-01T00:00:00Z,2015-10-01T00:00:00Z,312
Roberto Napoli,Italy,528.2869399635961,13,45876,12.538461538461538,1,5,2011-06-15T00:00:00Z,2018-11-15T00:00:00Z,1920
Jianwei Chen,United States,540,1,1277,328,0,1,2018-01-16T00:00:00Z,2018-01-16T00:00:00Z,72
Brian McKenzie,United States,200,1,544,29,0,1,2007-10-15T00:00:00Z,2007-10-15T00:00:00Z,779
William Perry,United States,235,1,13590,1,1,1,2016-07-15T00:00:00Z,2016-07-15T00:00:00Z,339
Alexandre Santana,United States,150,1,265,15,0,1,2013-02-02T00:00:00Z,2013-02-02T00:00:00Z,563
Jani Lindfors,Estonia,70,1,1733,2,1,1,2015-08-07T00:00:00Z,2015-08-07T00:00:00Z,351
Matthew Skeadas,England,231.6709654501367,4,5470,75.25,0,1,2017-07-29T00:00:00Z,2018-02-23T00:00:00Z,418
Patrick Hanley,United States,2633.75,4,16406,46,0,1,2004-05-22T00:00:00Z,2018-06-07T00:00:00Z,2084
Douglas R.,United States,230,1,3000,1,0,1,2010-07-19T00:00:00Z,2010-07-19T00:00:00Z,993
Ota Votocek,Czech Republic,490.10718346787615,4,50827,12,1,3,2008-12-11T00:00:00Z,2009-06-09T00:00:00Z,2586
Mark Riederer,United States,140,2,1486,5.5,0,1,2013-08-23T00:00:00Z,2016-02-14T00:00:00Z,404
Stefan Clemens,United States,1000,2,3734,187,0,1,2016-06-12T00:00:00Z,2017-07-03T00:00:00Z,418
Yongjiang Liu,China,961.7229814655268,2,3553,135,0,1,2016-10-16T00:00:00Z,2018-08-25T00:00:00Z,362
Anthony Villano,United States,620,5,9810,32.6,0,1,2011-04-22T00:00:00Z,2013-05-11T00:00:00Z,1579
Marcio Augusto Carraro,Brazil,238.1972689850047,2,6722,35.5,1,1,2010-03-19T00:00:00Z,2010-09-20T00:00:00Z,1612
Samuel Muller,United States,100,1,1651,3,0,1,2012-02-19T00:00:00Z,2012-02-19T00:00:00Z,702
Melissa Hunt,United States,275.8333333333333,6,3743,34.166666666666664,0,1,2009-08-22T00:00:00Z,2018-02-08T00:00:00Z,1848
Kevin Coleman,United States,166,5,2438,9.8,0,1,2007-11-09T00:00:00Z,2015-07-16T00:00:00Z,1013
Nikolas Amos,United States,100,1,459,2,0,1,2008-08-28T00:00:00Z,2008-08-28T00:00:00Z,925
Bryan Taylor,United States,230,2,1328,45.5,0,1,2013-11-01T00:00:00Z,2015-07-31T00:00:00Z,799
Lorraine Canet,United States,65,1,2495,3,1,1,2012-01-21T00:00:00Z,2012-01-21T00:00:00Z,922
Issa Abdelahad,United States,485,2,2775,19,0,1,2007-08-07T00:00:00Z,2007-08-10T00:00:00Z,1405
Jorge Cortada Fernandez,Spain,65.38607659866139,5,1648,7,0,1,2014-04-02T00:00:00Z,2015-01-14T00:00:00Z,593
Dalibor Mijic,Switzerland,715.8648041405169,2,7239,28,0,1,2018-06-04T00:00:00Z,2018-06-06T00:00:00Z,135
Francisco Orcajada-Castillo,Spain,676.4076889516696,1,1435,10,0,1,2008-09-27T00:00:00Z,2008-09-27T00:00:00Z,1807
Laszlo Ramos,Ireland,62.00403815390304,1,776,1,0,1,2016-08-07T00:00:00Z,2016-08-07T00:00:00Z,269
NA,Diane Laplante,5,1,50,13,0,1,2010-06-20T00:00:00Z,2010-06-20T00:00:00Z,1109
Matthew Archambault,United States,530,1,1268,104,0,1,2015-10-03T00:00:00Z,2015-10-03T00:00:00Z,234
Todd Thomas,United States,686.25,4,19498,5.25,0,1,2006-01-11T00:00:00Z,2015-03-08T00:00:00Z,1200
Bradley Pfeil,United States,100,1,281,10,0,1,2017-01-27T00:00:00Z,2017-01-27T00:00:00Z,230
Michael Weinert,United States,67.5,2,925,7.5,0,1,2016-07-03T00:00:00Z,2017-03-26T00:00:00Z,193
Graeme Bester,England,243.11150695384714,9,40849,11.11111111111111,2,1,2014-04-30T00:00:00Z,2018-05-11T00:00:00Z,843
Daniel Adrian Fulgescu,Romania,197.469136808099,1,480,13,0,1,2015-12-20T00:00:00Z,2015-12-20T00:00:00Z,247
Charlie Shaw,United States,120,1,1908,4,0,1,2011-02-11T00:00:00Z,2011-02-11T00:00:00Z,938
Stephen Storrs,United States,10,1,100,10,0,1,2015-03-04T00:00:00Z,2015-03-04T00:00:00Z,256
Amine Bayadi,Morocco,51.58894997708419,1,1028,1,0,1,2015-09-11T00:00:00Z,2015-09-11T00:00:00Z,355
Troy Carpenter,United States,145,1,575,25,0,1,2016-06-04T00:00:00Z,2016-06-04T00:00:00Z,271
Roberto Navarra,Italy,479.1221130074326,2,2323,28,0,1,2010-01-22T00:00:00Z,2010-06-03T00:00:00Z,1144
James Caines,England,36.466726043077074,3,1147,3.3333333333333335,0,1,2013-07-12T00:00:00Z,2016-08-26T00:00:00Z,398
Alex Notov,United States,650,2,4715,10.5,0,1,2008-07-31T00:00:00Z,2013-04-12T00:00:00Z,1774
Jan Carlo Mussi,Italy,1025.8849949100322,1,3335,23,0,1,2011-09-21T00:00:00Z,2011-09-21T00:00:00Z,1127
Siad Rom,Austria,30.062563953407533,3,1698,8.333333333333334,1,1,2014-04-15T00:00:00Z,2014-05-13T00:00:00Z,376
Matthew Kaldenberg,United States,900,4,29740,15.5,1,1,2009-03-22T00:00:00Z,2016-03-18T00:00:00Z,2051
Alessio Del Regno,Italy,111.32543213996227,4,2456,22.75,0,1,2014-11-29T00:00:00Z,2018-02-05T00:00:00Z,555
Don Moseley,United States,2073.8888888888887,18,156290,38.888888888888886,0,1,1994-01-23T00:00:00Z,2013-08-15T00:00:00Z,4151
Adam Ainscough,England,17.37532240876025,4,1153,4.5,2,1,2013-12-09T00:00:00Z,2014-01-30T00:00:00Z,479
Michael Younaw,United States,300,1,870,66,0,1,2015-08-27T00:00:00Z,2015-08-27T00:00:00Z,188
Michelle Potter,United States,300,1,2101,32,0,1,2009-02-16T00:00:00Z,2009-02-16T00:00:00Z,1581
Ryan Long,United States,937.5,2,5157,34.5,0,1,2012-05-19T00:00:00Z,2017-01-19T00:00:00Z,607
Wei Fan,China,306.77654716908495,37,53276,33.37837837837838,0,5,2013-01-17T00:00:00Z,2018-11-25T00:00:00Z,1367
Martyn Linton,England,19.30591378751139,3,420,4.333333333333333,0,1,2011-04-14T00:00:00Z,2017-11-28T00:00:00Z,987
Felix Menzel,Germany,50.458964878191175,2,574,45.5,0,2,2014-03-01T00:00:00Z,2014-04-12T00:00:00Z,509
Nathan Pullen,England,128.7060919167426,1,395,311,0,1,2016-07-30T00:00:00Z,2016-07-30T00:00:00Z,240
Pinkesh Mehta,United States,1368.860487528301,5,18092,40,0,2,2009-06-05T00:00:00Z,2018-02-10T00:00:00Z,2092
Sebastien Khoury,Canada,154.07145371809085,1,1218,7,0,1,2017-05-10T00:00:00Z,2017-05-10T00:00:00Z,178
Ross Nochumowitz,United States,150,1,1158,3,0,1,2018-07-06T00:00:00Z,2018-07-06T00:00:00Z,24
Oleg Serbine,United States,900,3,21182,8.666666666666666,1,1,2006-12-02T00:00:00Z,2009-06-24T00:00:00Z,2062
Jan Gesztera,Slovenia,789.1423037769478,1,2521,12,0,1,2009-04-24T00:00:00Z,2009-04-24T00:00:00Z,1528
Timothy Stuch,United States,200,1,367,8,0,1,2014-10-17T00:00:00Z,2014-10-17T00:00:00Z,237
W Burns,England,25.74121838334852,1,113,3,0,1,2013-08-22T00:00:00Z,2013-08-22T00:00:00Z,367
NA,Patrick Jouven,12870.60919167426,1,54672,32,0,1,2007-09-10T00:00:00Z,2007-09-10T00:00:00Z,1993
Lawrence Holden,England,32.90989916605167,46,15309,3.6739130434782608,5,1,2011-12-04T00:00:00Z,2018-01-14T00:00:00Z,769
Brendan Wiley,United States,628.6818181818181,44,159867,72.72727272727273,4,1,2009-01-27T00:00:00Z,2018-06-20T00:00:00Z,5745
James Hambleton,United States,350,1,865,9,0,1,2018-04-22T00:00:00Z,2018-04-22T00:00:00Z,28
Terterjan Sarkis,Azerbaijan,3.8508045978093453,1,267,45,1,1,2016-12-03T00:00:00Z,2016-12-03T00:00:00Z,273
William Server,United States,133.57142857142858,7,18309,22,2,1,2013-02-20T00:00:00Z,2017-09-28T00:00:00Z,765
NA,Andrew Morin,383.1467536358711,1,1346,10,0,1,2006-01-17T00:00:00Z,2006-01-17T00:00:00Z,915
George Taylor,New Zealand,88.81455308161631,2,3147,7,1,1,2006-11-30T00:00:00Z,2016-08-16T00:00:00Z,696
Nicolas Salles,France,289.60269941782593,9,10520,24,0,2,2014-02-13T00:00:00Z,2018-10-25T00:00:00Z,994
Danny Gonzales,United States,795.2016129032259,124,831584,37.604838709677416,17,1,2010-02-13T00:00:00Z,2019-01-11T00:00:00Z,10063
Tracy Porter,United States,1050,4,17619,22,0,1,2017-03-24T00:00:00Z,2018-11-02T00:00:00Z,302
Rory Phillips,United States,125,1,634,15,0,1,2008-11-04T00:00:00Z,2008-11-04T00:00:00Z,1340
Mauricio Moniz Ferreira,Brazil,360.43007806941506,1,14549,3,1,1,2018-07-20T00:00:00Z,2018-07-20T00:00:00Z,29
Bapstiste Delarue,France,563.6730741263913,1,2951,30,0,1,2015-02-26T00:00:00Z,2015-02-26T00:00:00Z,404
Ji Woon Kim,South Korea,270.0742636452206,25,58801,14.76,2,4,2012-04-27T00:00:00Z,2018-12-16T00:00:00Z,1599
Elizabeth Elwell,United States,298.3333333333333,12,44686,7.25,3,1,2005-06-28T00:00:00Z,2014-11-04T00:00:00Z,1097
Tung Dao,United States,150,1,861,5,0,1,2013-12-26T00:00:00Z,2013-12-26T00:00:00Z,379
Alan Eng,United States,328.8888888888889,9,7767,164.44444444444446,0,1,2018-06-02T00:00:00Z,2019-01-16T00:00:00Z,166
May Lo,United States,300,1,485,35,0,1,2010-05-21T00:00:00Z,2010-05-21T00:00:00Z,1247
Michael Konig,United States,100,1,0,3,0,1,1995-09-29T00:00:00Z,1995-09-29T00:00:00Z,768
Derek O'Brien,Ireland,112.73461482527826,1,658,7,0,1,2013-09-06T00:00:00Z,2013-09-06T00:00:00Z,491
Ronald Gahagan,United States,200,1,250,43,0,1,2009-05-06T00:00:00Z,2009-05-06T00:00:00Z,1399
Johnathan Purcell,United States,320,2,2949,8,0,1,2017-01-08T00:00:00Z,2018-01-09T00:00:00Z,187
Kent Kaylor,United States,262.5,2,1602,18,0,1,2015-01-17T00:00:00Z,2015-08-22T00:00:00Z,422
Nemanja Mihajlovic,Serbia,169.6572005592338,2,2450,12.5,0,2,2009-09-27T00:00:00Z,2012-10-03T00:00:00Z,1551
Qin Wang,China,227.11458100762826,1,489,15,0,1,2014-10-31T00:00:00Z,2014-10-31T00:00:00Z,456
Robert  Piekart,United States,200,1,612,24,0,1,2009-12-14T00:00:00Z,2009-12-14T00:00:00Z,1274
Christopher Johnson,Belgium,45.0938459301113,1,1042,1,1,1,2016-01-22T00:00:00Z,2016-01-22T00:00:00Z,333
Dana Hoard,United States,350,1,660,30,0,1,2016-01-28T00:00:00Z,2016-01-28T00:00:00Z,248
Christophe Alain Perret,France,279.78681679364513,11,8574,16.272727272727273,0,3,2012-02-11T00:00:00Z,2017-02-18T00:00:00Z,946
Eduardo Bonilla,Uruguay,42.88552600285017,8,149323,3.375,8,2,2012-08-31T00:00:00Z,2017-12-13T00:00:00Z,939
Brian Laguerre,United States,75,1,187,20,0,1,2018-02-18T00:00:00Z,2018-02-18T00:00:00Z,42
Tomeka Frederick,United States,380,2,24600,3,1,1,2012-04-25T00:00:00Z,2014-10-24T00:00:00Z,900
Sabrina Sergi,Switzerland,234.41109456402296,3,1185,202.66666666666666,0,3,2016-08-17T00:00:00Z,2017-10-13T00:00:00Z,498
Thomas Toney,United States,263,5,2292,39.2,0,1,2007-11-04T00:00:00Z,2019-01-05T00:00:00Z,879
Ken Drish,United States,300,1,956,6,0,1,2013-01-12T00:00:00Z,2013-01-12T00:00:00Z,457
Max Tyson,United States,210,4,2772,57.5,0,1,2008-03-07T00:00:00Z,2018-01-30T00:00:00Z,1717
David Berger,United States,390.90909090909093,11,64191,12.636363636363637,4,1,2016-09-11T00:00:00Z,2018-09-12T00:00:00Z,440
Andrei Makarov,Russia,387.5727268499012,18,96876,24.22222222222222,4,5,2014-02-20T00:00:00Z,2018-01-14T00:00:00Z,1500
Olivier Bazin,France,351.4816195322593,2,12898,11,1,2,2012-05-27T00:00:00Z,2013-03-15T00:00:00Z,1721
Silvio Noce Neto,Brazil,454.4553158266538,2,1247,91,0,1,2015-08-28T00:00:00Z,2015-08-31T00:00:00Z,243
Gary Wilkerson,United States,142.5,2,708,13.5,0,1,2004-03-07T00:00:00Z,2018-09-17T00:00:00Z,1119
Marc John Farrell,England,41.82947987294134,2,260,8,0,1,2012-05-01T00:00:00Z,2012-09-16T00:00:00Z,393
Lucio Antonio Giassi,Italy,304.3834600282513,2,1899,24,0,1,2013-08-30T00:00:00Z,2016-01-22T00:00:00Z,476
Nicholas Bundy,United States,365,1,646,55,0,1,2012-10-15T00:00:00Z,2012-10-15T00:00:00Z,685
Kevin O'Neill,United States,150,1,513,11,0,1,2007-06-20T00:00:00Z,2007-06-20T00:00:00Z,771
Mark Plock,England,6.43530459583713,6,1031,5.5,1,1,2017-07-14T00:00:00Z,2018-08-27T00:00:00Z,308
Yin-Hur Lai,United States,60,1,2050,2,1,1,2003-08-01T00:00:00Z,2003-08-01T00:00:00Z,854
Beth Wills,United States,93.75,4,4118,6.5,1,1,2015-01-18T00:00:00Z,2017-01-07T00:00:00Z,229
Walter Yankovich,Argentina,281.9191737970369,3,4074,21,0,1,2015-09-19T00:00:00Z,2016-10-17T00:00:00Z,252
Erwin Blavier,France,67.64076889516696,1,132,25,0,1,2018-08-05T00:00:00Z,2018-08-05T00:00:00Z,21
Eduardo Gracia Marin,Spain,419.1019222379174,2,2423,11,0,2,2010-09-25T00:00:00Z,2011-01-27T00:00:00Z,984
Alexander Tumbaridis,Austria,30.760444902325926,7,2342,3,0,1,2017-06-13T00:00:00Z,2018-08-23T00:00:00Z,232
Shawn Schaad,United States,88.33333333333333,3,2467,4.666666666666667,0,1,2007-05-31T00:00:00Z,2010-07-10T00:00:00Z,1029
Tessa Winger,United States,250,1,592,63,0,1,2018-06-10T00:00:00Z,2018-06-10T00:00:00Z,121
Ludovic Hayoun,France,56.36730741263913,1,1090,3,0,1,2005-07-14T00:00:00Z,2005-07-14T00:00:00Z,1005
Mike Haddad Jr,United States,0,2,1675,1.5,2,1,2008-09-01T00:00:00Z,2009-09-01T00:00:00Z,975
Andrey Leonov,Russia,101.56999192192946,6,50229,13.5,2,4,2010-08-25T00:00:00Z,2018-03-17T00:00:00Z,1307
David Levy,Brazil,560.2337083035472,4,16102,72.75,0,1,2009-07-01T00:00:00Z,2014-11-27T00:00:00Z,1229
"Samuel Carioti            'Sammy ""The Dentist""'",United States,250,8,5229,65.5,0,1,2007-11-28T00:00:00Z,2015-09-12T00:00:00Z,2253
Randy Paskell,United States,1000,3,15478,52,0,1,2014-08-15T00:00:00Z,2017-08-13T00:00:00Z,437
Vitaliy Materatskyy,Ukraine,46.72263076470062,3,3096,9.666666666666666,1,2,2016-12-16T00:00:00Z,2018-02-01T00:00:00Z,214
Derrick Becker,United States,150,1,698,8,0,1,2016-06-12T00:00:00Z,2016-06-12T00:00:00Z,242
Jason Wong,Canada,923.3482488623749,4,7656,136.5,0,2,2013-05-10T00:00:00Z,2017-07-28T00:00:00Z,1178
Curt Hoffart,United States,230,1,1412,8,0,1,2011-06-28T00:00:00Z,2011-06-28T00:00:00Z,1029
Don Salandanan,Philippines,139.6438300803561,1,315,11,0,1,2018-07-08T00:00:00Z,2018-07-08T00:00:00Z,20
David Livingston,United States,391,5,17160,7.8,1,1,2008-02-20T00:00:00Z,2014-11-23T00:00:00Z,1453
Alan Champam,United States,50,2,824,4.5,0,1,2018-07-11T00:00:00Z,2018-07-20T00:00:00Z,18
Devin Wynne,Ireland,50.73057667137522,10,2506,3.3,0,1,2015-11-02T00:00:00Z,2018-12-27T00:00:00Z,211
Manuel Coimbra,Portugal,37.025463151518565,1,330,19,0,1,2017-08-06T00:00:00Z,2017-08-06T00:00:00Z,185
John Foley,United States,622.1428571428571,7,33848,41.714285714285715,1,1,1997-12-01T00:00:00Z,2019-01-06T00:00:00Z,2063
Sasa Peharda,Croatia,200,1,600,15,0,1,2017-10-19T00:00:00Z,2017-10-19T00:00:00Z,93
Paul Bowden,United States,130,1,980,4,0,1,2016-06-14T00:00:00Z,2016-06-14T00:00:00Z,131
Jérôme Buss,Belgium,400.2078826297378,2,4162,27,0,2,2010-01-18T00:00:00Z,2012-02-08T00:00:00Z,444
Joshua Welch,United States,130,2,764,13.5,0,1,2017-02-10T00:00:00Z,2018-09-24T00:00:00Z,165
Juan M Lopez Jnr,United States,120,1,228,31,0,1,2016-12-21T00:00:00Z,2016-12-21T00:00:00Z,183
Sarah Pluard,United States,843.5125,8,16347,90.5,0,1,2011-07-01T00:00:00Z,2018-12-03T00:00:00Z,1800
Anatolij Oschenilok,Russia,0,1,36085,7,1,1,2009-01-31T00:00:00Z,2009-01-31T00:00:00Z,1599
Andrew Warner,United States,235,1,411,119,0,1,2017-06-17T00:00:00Z,2017-06-17T00:00:00Z,279
Lionnel Bereni,France,298.7467292869874,2,955,12,0,1,2005-05-07T00:00:00Z,2005-05-12T00:00:00Z,1129
Frank Melillo,United States,150,1,389,26,0,1,2017-12-27T00:00:00Z,2017-12-27T00:00:00Z,70
Thomas Chi Kin Kong,England,40.438062663030614,74,37867,13.743243243243244,12,1,2015-02-02T00:00:00Z,2018-12-27T00:00:00Z,1710
Xavier Lintermans,Belgium,64.82240352453499,4,3665,2.25,1,1,2013-08-16T00:00:00Z,2017-03-05T00:00:00Z,516
Christopher Phoel,United States,240.83333333333334,12,18432,13.25,0,1,2013-10-15T00:00:00Z,2017-06-14T00:00:00Z,971
NA,Oleg  Lykov,4057.4026523213724,1,10877,16,0,1,2009-05-14T00:00:00Z,2009-05-14T00:00:00Z,1829
Jason Bavernfeind,United States,300,1,407,15,0,1,2008-02-22T00:00:00Z,2008-02-22T00:00:00Z,865
Frantisek Nadasky,Slovakia,90,1,283,10,0,1,2015-12-19T00:00:00Z,2015-12-19T00:00:00Z,322
J Dalesandro,United States,500,1,771,50,0,1,2008-12-06T00:00:00Z,2008-12-06T00:00:00Z,1647
Eric Weber,United States,322,5,5916,193.4,0,1,2018-04-29T00:00:00Z,2018-06-20T00:00:00Z,177
Jared Christopher,United States,200,1,882,16,0,1,2012-08-01T00:00:00Z,2012-08-01T00:00:00Z,629
Michael Mikulovic,Austria,76.09586500706283,4,1576,6,0,1,2014-04-06T00:00:00Z,2017-02-24T00:00:00Z,363
Andoni Martinez Llaguno,Spain,112.73461482527826,1,291,7,0,1,2012-10-13T00:00:00Z,2012-10-13T00:00:00Z,318
P LyPhung,England,32.17652297918565,1,594,10,0,1,2014-07-22T00:00:00Z,2014-07-22T00:00:00Z,286
Erling Martinsen,Norway,1127.3461482527825,1,2843,21,0,1,2011-01-20T00:00:00Z,2011-01-20T00:00:00Z,959
Timothy Hochkins,United States,555,1,1346,19,0,1,2009-10-24T00:00:00Z,2009-10-24T00:00:00Z,1498
Christopher Jetten,France,1783.0876918602225,3,22279,45,0,3,2011-10-19T00:00:00Z,2018-06-27T00:00:00Z,1882
Aos Almsalam,Sweden,819.2641299362274,2,6199,8,0,1,2017-08-11T00:00:00Z,2018-08-08T00:00:00Z,26
Jean-Francois Devier,France,372.02422892341826,1,1695,18,0,1,2013-03-03T00:00:00Z,2013-03-03T00:00:00Z,635
Brian Litton,United States,187.5,8,6419,12.625,0,1,2015-10-25T00:00:00Z,2018-09-30T00:00:00Z,372
Gianleo Licata,Italy,400,2,1927,199.5,0,1,2015-10-21T00:00:00Z,2018-10-25T00:00:00Z,239
George Oghani,England,27.156985394432688,50,15476,4.02,5,1,2012-04-20T00:00:00Z,2015-01-19T00:00:00Z,1305
Carlos De Torre,Spain,56.36730741263913,1,106,18,0,1,2013-09-10T00:00:00Z,2013-09-10T00:00:00Z,645
Sean Marshall,United States,1679.4336537063195,12,313810,85.83333333333333,3,2,2006-06-05T00:00:00Z,2018-11-09T00:00:00Z,2057
Andrew Davey,United States,254.39290541045176,18,86772,16.166666666666668,4,4,1999-01-11T00:00:00Z,2018-06-26T00:00:00Z,2382
Casey A Peters,United States,2436.3636363636365,22,223045,67,0,1,2004-09-23T00:00:00Z,2018-07-22T00:00:00Z,4207
Gabriel Costas Peral,Spain,473.4853822661687,7,48492,5.857142857142857,2,1,2011-02-06T00:00:00Z,2014-01-26T00:00:00Z,3019
Ian Boyle,Ireland,28.183653706319564,1,316,2,0,1,2015-10-03T00:00:00Z,2015-10-03T00:00:00Z,252
Abraham Bettsack,Panama,1013.6,5,13582,37.2,0,1,2012-09-27T00:00:00Z,2017-03-16T00:00:00Z,1005
Eduard Avetisov,Russia,405.775397730452,6,46453,24.666666666666668,2,4,2010-07-11T00:00:00Z,2018-09-21T00:00:00Z,1465
Erik Danielsson,United States,400,1,1400,17,0,1,2013-10-14T00:00:00Z,2013-10-14T00:00:00Z,444
Baptiste Fosty,France,1127.3461482527825,1,3312,73,0,1,2014-04-23T00:00:00Z,2014-04-23T00:00:00Z,501
Antoine Pagis,France,563.6730741263913,1,1570,92,0,1,2013-02-28T00:00:00Z,2013-02-28T00:00:00Z,744
Matthew  James,England,160.88261489592824,3,3631,6.333333333333333,0,1,2009-01-12T00:00:00Z,2012-11-23T00:00:00Z,1789
David Matristriyan,United States,60,1,2082,1,1,1,2017-09-10T00:00:00Z,2017-09-10T00:00:00Z,187
Scott Kehr,United States,481.25,8,52155,45.125,1,1,2015-01-02T00:00:00Z,2018-12-09T00:00:00Z,720
Partrick Könighaus,Germany,172.41789286380876,2,2083,46,0,2,2012-04-04T00:00:00Z,2016-05-19T00:00:00Z,1096
Matthias Brandner,Austria,2262.207937493917,3,13227,83.33333333333333,0,3,2015-02-02T00:00:00Z,2016-02-18T00:00:00Z,1605
Dennis Pedersen,Canada,125.18305614594883,2,664,148,0,1,2016-09-02T00:00:00Z,2016-11-04T00:00:00Z,499
Richard Mathias,United States,94.28571428571429,7,2600,22,0,1,2014-08-11T00:00:00Z,2018-07-04T00:00:00Z,467
James DeDauw,United States,130.76923076923077,13,30069,4.076923076923077,3,1,1996-10-13T00:00:00Z,2016-10-28T00:00:00Z,1425
Jon Gunter,United States,271.25,4,4767,312.5,0,1,2018-04-26T00:00:00Z,2019-01-16T00:00:00Z,262
Yaron Shasho,Israel,4.278671775343717,1,627,5,1,1,2014-12-09T00:00:00Z,2014-12-09T00:00:00Z,432
Tyler Fillmore,Canada,308.5708836965097,9,22711,9,1,1,2016-10-02T00:00:00Z,2018-09-30T00:00:00Z,877
Yosi Getty,United States,200,2,2875,20.5,0,1,2007-09-06T00:00:00Z,2012-10-17T00:00:00Z,1200
Augustin Ghioalada,United States,200,1,1185,12,0,1,2009-01-27T00:00:00Z,2009-01-27T00:00:00Z,1451
Anthony Bernardo,United States,365,1,565,39,0,1,2017-08-08T00:00:00Z,2017-08-08T00:00:00Z,75
Pinto Benhur,Argentina,15.10281288198412,1,790,8,1,1,2015-07-26T00:00:00Z,2015-07-26T00:00:00Z,179
Wesley Cox,United States,100,1,344,19,0,1,2012-02-07T00:00:00Z,2012-02-07T00:00:00Z,635
Julie Perla,United States,775,2,11806,42,0,1,2007-06-10T00:00:00Z,2011-06-18T00:00:00Z,1803
Phil Stephens,Scotland,10,2,213,10,0,1,2015-02-18T00:00:00Z,2016-03-02T00:00:00Z,124
Stephen Doak,Scotland,25,1,231,3,0,1,2016-06-07T00:00:00Z,2016-06-07T00:00:00Z,186
George Peck,Canada,100,1,378,9,0,1,2013-01-09T00:00:00Z,2013-01-09T00:00:00Z,571
Jonathan Morgan,England,12.87060919167426,3,818,4.333333333333333,1,2,2015-04-25T00:00:00Z,2017-11-15T00:00:00Z,361
Robert Champion,United States,300,1,11827,4,1,1,2011-08-08T00:00:00Z,2011-08-08T00:00:00Z,837
Kyle Speake,United States,386.6666666666667,6,16733,28.833333333333332,1,1,2011-06-04T00:00:00Z,2017-10-05T00:00:00Z,1888
Devon Schultze,United States,120,1,7030,1,1,1,2011-08-14T00:00:00Z,2011-08-14T00:00:00Z,1057
Daniel Martin,United States,880,3,82828,4.666666666666667,2,2,2010-01-08T00:00:00Z,2018-02-22T00:00:00Z,2262
Fabrice Bula,France,2254.692296505565,1,12494,11,0,1,2012-02-03T00:00:00Z,2012-02-03T00:00:00Z,1691
John Roche,United States,90,6,4665,5.166666666666667,1,1,2015-06-16T00:00:00Z,2016-05-18T00:00:00Z,649
Evaldas Racickis,England,32.17652297918565,2,1144,4,1,1,2013-10-26T00:00:00Z,2013-12-11T00:00:00Z,437
Tommy Carpenter,United States,162.21951219512195,41,54840,7.512195121951219,3,1,2013-09-07T00:00:00Z,2018-10-27T00:00:00Z,1001
Tommy Unrel,United States,300,1,4919,4,0,1,2014-02-03T00:00:00Z,2014-02-03T00:00:00Z,452
Edwin Powell,United States,1675,1,4106,61,0,1,2017-12-01T00:00:00Z,2017-12-01T00:00:00Z,58
Boris Velishkin,Russia,2.7605479032417897,2,7727,14.5,2,1,2014-03-27T00:00:00Z,2014-05-22T00:00:00Z,460
William Kenner,United States,200,1,1117,7,0,1,2015-03-31T00:00:00Z,2015-03-31T00:00:00Z,299
Robert Manner,Germany,23.411325377404026,15,10774,16.866666666666667,9,3,2014-09-19T00:00:00Z,2018-10-18T00:00:00Z,625
Alexandre Lotin,Belgium,13.250807630780608,2,92,6,0,1,2018-04-16T00:00:00Z,2018-11-19T00:00:00Z,33
Wayne Lai,United States,350,1,870,14,0,1,2017-11-05T00:00:00Z,2017-11-05T00:00:00Z,98
Stephen Stockman,United States,100,1,1021,4,0,1,2017-12-07T00:00:00Z,2017-12-07T00:00:00Z,35
Miroslav Pilch,Scotland,37.27037037124195,4,4164,2,2,2,2014-12-25T00:00:00Z,2018-01-27T00:00:00Z,509
Daniel Wardle,England,12.87060919167426,3,189,5.333333333333333,0,1,2016-03-23T00:00:00Z,2017-03-03T00:00:00Z,295
Brandon Jones,United States,422.5,4,36526,9.75,1,1,2010-06-25T00:00:00Z,2015-08-28T00:00:00Z,2059
Justin Jagodzinski,United States,199.375,32,70860,24.34375,2,1,2010-12-11T00:00:00Z,2018-07-31T00:00:00Z,1685
Parunak Tukmanyan,United States,100,1,1465,4,0,1,2008-05-29T00:00:00Z,2008-05-29T00:00:00Z,1543
Jerome Linder,France,586.2199970914469,1,964,46,0,1,2016-05-14T00:00:00Z,2016-05-14T00:00:00Z,209
George Burden,United States,1000,2,5085,8,0,1,2006-04-06T00:00:00Z,2006-04-07T00:00:00Z,894
NA,Jose Barria,31.556121994957838,1,20542,6,1,1,2011-11-09T00:00:00Z,2011-11-09T00:00:00Z,781
Donald Caliguri,United States,370,2,8816,16.5,1,1,2012-10-19T00:00:00Z,2014-05-05T00:00:00Z,658
Ken Kaneda,Canada,237.8158471220865,15,11248,21.466666666666665,0,2,2013-01-12T00:00:00Z,2016-10-06T00:00:00Z,921
Paul Gaffney,England,212.3650516626253,8,9809,13.125,1,1,2011-08-28T00:00:00Z,2017-05-04T00:00:00Z,1230
Daniel Gerard,United States,214.16666666666666,6,4946,47.666666666666664,0,1,2014-06-03T00:00:00Z,2018-06-13T00:00:00Z,449
Nikola Cukanovic,United States,170,1,571,11,0,1,2018-06-14T00:00:00Z,2018-06-14T00:00:00Z,26
Mark Sallee,United States,125,1,2280,1,0,1,2011-11-02T00:00:00Z,2011-11-02T00:00:00Z,718
Christopher Holt,Australia,26.820272754510977,5,1902,2,1,1,2012-06-19T00:00:00Z,2014-04-04T00:00:00Z,343
Eduard Efremov,Russia,330,1,513,38,0,1,2016-04-09T00:00:00Z,2016-04-09T00:00:00Z,277
Peter Takatsy,France,281.83653706319564,1,403,10,0,1,2017-07-20T00:00:00Z,2017-07-20T00:00:00Z,179
Jose De Los Reyes,United States,250.71428571428572,14,30578,10.571428571428571,1,1,2017-06-17T00:00:00Z,2018-06-20T00:00:00Z,394
James Thompson,Canada,206.3,5,5845,6.6,0,1,2013-11-28T00:00:00Z,2017-11-23T00:00:00Z,381
Robert Kelley,United States,237.33333333333334,3,8085,7.666666666666667,1,1,2011-07-22T00:00:00Z,2017-01-15T00:00:00Z,906
Mathieu Leclerc,Canada,242.8652652029906,19,32705,45.8421052631579,1,1,2013-11-18T00:00:00Z,2018-02-27T00:00:00Z,997
Nathan Smith,Australia,136.22995684830974,9,13415,7.444444444444445,1,1,2015-08-10T00:00:00Z,2016-09-18T00:00:00Z,471
Gabriel Tolentino,United States,133.33333333333334,3,1747,27,0,1,2014-06-28T00:00:00Z,2017-08-17T00:00:00Z,342
Ly Nguyen,United States,208.75,8,27023,17.5,1,1,1996-03-21T00:00:00Z,2007-05-08T00:00:00Z,1851
Anna Guifoyle,United States,85,1,4000,2,1,1,1997-12-01T00:00:00Z,1997-12-01T00:00:00Z,865
Wendy Rozek,United States,120,3,1454,17.333333333333332,0,1,2012-03-15T00:00:00Z,2015-07-14T00:00:00Z,941
Ratko Matic,Austria,53.629466766882366,7,1865,57.857142857142854,0,1,2015-08-03T00:00:00Z,2019-01-15T00:00:00Z,235
Christopher Quinn,United States,100,1,1470,3,0,1,2016-10-31T00:00:00Z,2016-10-31T00:00:00Z,144
Donnie Sinic,United States,100,1,245,180,0,1,2015-06-20T00:00:00Z,2015-06-20T00:00:00Z,443
Daniel Nafshi,United States,181.25,4,11780,22.25,1,1,2007-09-10T00:00:00Z,2011-12-14T00:00:00Z,1089
Francesco Guidi,Italy,304.3834600282513,1,921,41,0,1,2013-01-19T00:00:00Z,2013-01-19T00:00:00Z,395
Jorge Alvarez,United States,300,1,1880,14,0,1,2009-02-01T00:00:00Z,2009-02-01T00:00:00Z,1834
Alexander Wilkinson,United States,1058.6666666666667,3,5274,231.33333333333334,0,1,2013-07-03T00:00:00Z,2018-06-22T00:00:00Z,1129
Eugene Liu,United States,340,1,4540,4,0,1,2010-04-15T00:00:00Z,2010-04-15T00:00:00Z,1433
Maria  Cabaleiro,Spain,200,1,2240,3,0,1,2014-11-10T00:00:00Z,2014-11-10T00:00:00Z,2021
R Dhankar,England,12.87060919167426,1,121,5,0,1,2016-07-01T00:00:00Z,2016-07-01T00:00:00Z,241
Matthias Krautschneider,Austria,33.82038444758348,1,129,4,0,1,2017-02-03T00:00:00Z,2017-02-03T00:00:00Z,80
Norbert Michaud,France,118.37134556654217,2,1399,11.5,0,1,2018-09-17T00:00:00Z,2018-09-20T00:00:00Z,50
Tony Hill,United States,750,2,17030,26,1,1,2008-08-09T00:00:00Z,2015-10-30T00:00:00Z,840
Jeffrey Brock,United States,180.71428571428572,14,15057,29.214285714285715,0,1,2015-07-25T00:00:00Z,2018-11-19T00:00:00Z,288
Andrew Glavin,Canada,100,1,192,15,0,1,2015-11-14T00:00:00Z,2015-11-14T00:00:00Z,319
David Close,Ireland,343.84057521709866,2,11819,45,1,1,2017-04-02T00:00:00Z,2018-10-24T00:00:00Z,165
Havard Odegard,Norway,1250.1055643490186,3,13545,16,0,2,2009-03-31T00:00:00Z,2009-11-06T00:00:00Z,1772
NA,Tomas Bernatik,150,1,1094,5,0,1,2014-06-20T00:00:00Z,2014-06-20T00:00:00Z,491
Doug Martell,United States,160,2,1070,10.5,0,1,2014-06-21T00:00:00Z,2018-08-04T00:00:00Z,291
Gregory Perkins,United States,445,2,2179,15,0,1,2007-11-09T00:00:00Z,2007-11-14T00:00:00Z,1358
Oliver Breslin,England,28.958870681267086,4,1155,3.75,1,1,2015-10-13T00:00:00Z,2016-03-11T00:00:00Z,339
Ivan Martin Carballo,Spain,1127.3461482527825,1,2100,49,0,1,2012-01-25T00:00:00Z,2012-01-25T00:00:00Z,866
Patrick Heist,United States,55,1,227,3,0,1,2016-06-27T00:00:00Z,2016-06-27T00:00:00Z,120
Miguel Lebron Rodriguez,England,60.360176685505216,4,1790,5.5,0,2,2014-04-04T00:00:00Z,2014-10-09T00:00:00Z,663
Daniel Brackenhoff,United States,335,1,8460,3,1,1,2010-02-09T00:00:00Z,2010-02-09T00:00:00Z,1357
Matthieu Hautecoeur,France,100,1,186,13,0,1,2014-09-05T00:00:00Z,2014-09-05T00:00:00Z,420
Ruslan Fedorov,Belarus,127.75,8,4122,20.875,0,1,2015-05-08T00:00:00Z,2018-07-20T00:00:00Z,430
Matthew Nollett,England,66.92716779670614,5,1823,103.6,0,1,2014-06-03T00:00:00Z,2018-07-28T00:00:00Z,482
Esteban Fernandez,Spain,919.2101922237918,10,41064,153.2,0,2,2012-07-06T00:00:00Z,2018-07-07T00:00:00Z,1320
Sergey Vasilev,Russia,1415.4589992631018,8,119848,39.75,1,5,2012-08-04T00:00:00Z,2015-12-06T00:00:00Z,3358
Sam De Jesus Sequeira,Netherlands,225.4692296505565,1,866,159,0,1,2018-03-07T00:00:00Z,2018-03-07T00:00:00Z,54
Michael Wilton,Canada,175,1,330,23,0,1,2018-02-27T00:00:00Z,2018-02-27T00:00:00Z,41
Michael Eustacy,England,83.65895974588268,2,5162,3.5,1,1,2014-03-18T00:00:00Z,2014-04-30T00:00:00Z,464
Charles Miyaji,United States,200,1,846,28,0,1,2013-11-01T00:00:00Z,2013-11-01T00:00:00Z,372
Douglas Cornwell,United States,100,1,460,5,0,1,2016-03-14T00:00:00Z,2016-03-14T00:00:00Z,372
Jeff Mills,United States,150,1,430,9,0,1,2018-07-01T00:00:00Z,2018-07-01T00:00:00Z,31
Yoshihiko Kanno,Japan,0,1,2500,7,1,1,2013-01-11T00:00:00Z,2013-01-11T00:00:00Z,407
Ken Fuller,United States,124.16666666666667,12,8740,7.333333333333333,0,1,2017-01-02T00:00:00Z,2018-11-14T00:00:00Z,177
E Herqimaj,England,38.61182757502278,1,279,3,0,1,2013-09-02T00:00:00Z,2013-09-02T00:00:00Z,237
Hermann Schweiger            'The Herminator',Germany,610.47838876664,5,43463,66,1,5,2014-10-10T00:00:00Z,2018-10-29T00:00:00Z,744
Bruno Marques Duque,Brazil,553.1818154717544,4,4201,197,0,1,2014-09-07T00:00:00Z,2015-11-27T00:00:00Z,473
Walker Miner,England,6.43530459583713,1,129,1,1,1,2012-10-12T00:00:00Z,2012-10-12T00:00:00Z,194
Carlos Manuel Lam Wu,Panama,730,6,18352,33.833333333333336,0,2,2012-09-27T00:00:00Z,2017-03-16T00:00:00Z,1327
David Howells,England,119.05313502298691,2,1276,13,0,1,2016-11-30T00:00:00Z,2018-05-04T00:00:00Z,229
David Griffen,Ireland,42.0785575944237,2,462,5,0,1,2007-12-13T00:00:00Z,2008-03-27T00:00:00Z,312
Nathaniel Snyder,United States,120,3,4270,2.3333333333333335,0,1,2014-03-24T00:00:00Z,2018-11-02T00:00:00Z,483
Artem Chindin,Russia,319.4147420049551,3,4239,9,0,1,2014-07-17T00:00:00Z,2015-05-01T00:00:00Z,1031
Elizabeth Janampa,Peru,30.662117012750095,1,390,2,0,1,2011-04-16T00:00:00Z,2011-04-16T00:00:00Z,748
Scott Timpe,United States,230,7,8159,7.571428571428571,0,1,2006-05-18T00:00:00Z,2018-02-05T00:00:00Z,1221
Frédéric Bouillon,Belgium,1127.3461482527825,1,2695,63,0,1,2015-11-29T00:00:00Z,2015-11-29T00:00:00Z,293
Jamie Ward,Ireland,5.6367307412639125,1,172,2,1,1,2014-04-20T00:00:00Z,2014-04-20T00:00:00Z,303
Marty Gorenc,United States,389.26190476190476,168,530325,24.172619047619047,18,2,2009-10-28T00:00:00Z,2019-01-15T00:00:00Z,10936
Steve Grenier,France,407.66095966468214,4,31797,4.25,1,2,2010-05-23T00:00:00Z,2016-03-17T00:00:00Z,1123
Edward Jin,United States,100,1,6290,2,1,1,2004-11-30T00:00:00Z,2004-11-30T00:00:00Z,918
Jan Meineke,Germany,175.83333333333334,6,6757,70,0,1,2016-06-01T00:00:00Z,2018-06-06T00:00:00Z,355
Jozef Buricic,Austria,56.36730741263913,1,2459,1,1,1,2013-11-15T00:00:00Z,2013-11-15T00:00:00Z,401
Jonathan Krieger,United States,60,1,65,5,0,1,2014-01-03T00:00:00Z,2014-01-03T00:00:00Z,385
Frank Molinsvi,United States,365,1,1127,14,0,1,2014-12-11T00:00:00Z,2014-12-11T00:00:00Z,407
Zdeněk Žoček,Czech Republic,13.049948914798337,6,2505,15,2,1,2017-12-09T00:00:00Z,2018-12-08T00:00:00Z,104
Kenneth Hsiung,United States,10000,1,50752,161,0,1,2013-07-06T00:00:00Z,2013-07-06T00:00:00Z,906
Anthony Gray,Scotland,93,3,4800,12.666666666666666,1,1,2013-12-26T00:00:00Z,2018-04-21T00:00:00Z,802
Majid Nadeem,England,160.88261489592827,2,5401,18.5,1,1,2012-04-08T00:00:00Z,2016-07-16T00:00:00Z,775
Dan Mihaescu,Italy,140.91826853159782,1,496,19,0,1,2013-07-13T00:00:00Z,2013-07-13T00:00:00Z,528
NA,Mary-Ann Petit-Hunt,225,1,2872,6,0,1,2009-06-22T00:00:00Z,2009-06-22T00:00:00Z,1475
Glenn White,Australia,281.13393048032043,8,14926,19.25,1,1,2012-10-24T00:00:00Z,2018-02-03T00:00:00Z,900
Humberto Martinez,Canada,228.93721254439507,6,6782,27.333333333333332,0,2,2015-11-28T00:00:00Z,2018-12-01T00:00:00Z,242
Bryan Hagi,United States,150,1,445,10,0,1,2018-06-18T00:00:00Z,2018-06-18T00:00:00Z,36
Marc Durand,United States,1560.6742587021918,39,299749,35.58974358974359,2,2,1994-01-10T00:00:00Z,2017-06-08T00:00:00Z,3279
Scott Hopkin,Australia,30.65174029086969,1,491,2,0,1,2015-07-24T00:00:00Z,2015-07-24T00:00:00Z,304
Michael Bruce,United States,342.5,4,5864,18.25,0,1,2007-04-19T00:00:00Z,2017-05-18T00:00:00Z,959
David Murray,United States,433.3333333333333,3,13121,3,0,1,2006-12-01T00:00:00Z,2012-03-11T00:00:00Z,797
Eric Annot,Belgium,235,1,390,90,0,1,2016-06-01T00:00:00Z,2016-06-01T00:00:00Z,276
Andrea Grieco,Italy,202.92230668550087,1,1575,13,0,1,2013-07-20T00:00:00Z,2013-07-20T00:00:00Z,504
Johnny McNally,United States,261.875,8,24767,24.125,1,1,2011-01-28T00:00:00Z,2019-01-17T00:00:00Z,1645
Rafael Alfredo Ugarte Falcones,Ecuador,56.36730741263913,1,104,44,0,1,2017-05-15T00:00:00Z,2017-05-15T00:00:00Z,333
Ljutfi Salmani,Austria,141.29405058101543,3,1051,89.66666666666667,0,1,2015-11-07T00:00:00Z,2016-09-29T00:00:00Z,214
Robert Duong,United States,166.25,4,9589,40.75,1,1,2014-02-20T00:00:00Z,2015-06-25T00:00:00Z,542
Daniel Bassin,England,132.99629498063405,3,6569,42,1,1,2015-07-24T00:00:00Z,2015-11-29T00:00:00Z,511
Dennis Day,United States,1000,1,2092,274,0,1,2010-06-18T00:00:00Z,2010-06-18T00:00:00Z,1591
Tomer Benvenisti,United States,1724.1176470588234,17,383430,20.529411764705884,1,1,2003-05-19T00:00:00Z,2009-06-26T00:00:00Z,9321
Toni Huotari,Finland,75,2,1739,2,1,1,2016-03-13T00:00:00Z,2016-03-15T00:00:00Z,336
John Yuhnaut,United States,1500,1,2025,16,0,1,1991-10-31T00:00:00Z,1991-10-31T00:00:00Z,1441
Richard Black,Ireland,195.40666569714898,6,3682,84.66666666666667,0,1,2014-02-06T00:00:00Z,2018-11-15T00:00:00Z,730
NA,Selby James,770.3572685904543,1,5628,5,0,1,2010-08-25T00:00:00Z,2010-08-25T00:00:00Z,856
Sandra Lowe,United States,225,1,492,16,0,1,2018-04-28T00:00:00Z,2018-04-28T00:00:00Z,31
Brent Bush,United States,0,1,100,6,1,1,2004-10-10T00:00:00Z,2004-10-10T00:00:00Z,930
Matthew Colley,United States,188.33333333333334,12,14825,63.083333333333336,0,1,2014-05-19T00:00:00Z,2017-05-31T00:00:00Z,777
David Ker,England,338.2038444758348,1,383,77,0,1,2016-08-25T00:00:00Z,2016-08-25T00:00:00Z,262
Karichen Djordjevic,United States,1000,1,4480,5,0,1,2005-04-02T00:00:00Z,2005-04-02T00:00:00Z,1125
Shane Meenaghan,Ireland,49.321393986059235,4,1159,2.5,0,1,2008-06-21T00:00:00Z,2011-12-30T00:00:00Z,466
Sonya Roberts,United States,150,1,2927,1,0,1,2014-01-23T00:00:00Z,2014-01-23T00:00:00Z,316
Delono Walton,United States,103.33333333333333,18,16233,11.833333333333334,2,1,2016-03-20T00:00:00Z,2018-09-05T00:00:00Z,399
George Bevand,Canada,112.73461482527826,1,1028,3,0,1,2014-11-15T00:00:00Z,2014-11-15T00:00:00Z,368
David Howard,Canada,200,1,1900,9,0,1,2017-01-10T00:00:00Z,2017-01-10T00:00:00Z,184
Andrew Spradlin,United States,1375,2,9386,55,0,1,2014-08-29T00:00:00Z,2017-09-21T00:00:00Z,628
NA,Fu Quiang San,103.99823125971133,1,306,135,0,1,2013-09-21T00:00:00Z,2013-09-21T00:00:00Z,412
Francis Iron,Canada,462.2143611542726,1,1546,30,0,1,2017-10-06T00:00:00Z,2017-10-06T00:00:00Z,66
Regan Vansandt,United States,277,5,13604,28.4,1,1,2008-10-24T00:00:00Z,2015-06-27T00:00:00Z,1867
Stephen Peter Cotney,England,94.38446740561125,3,2810,7,1,1,2017-04-07T00:00:00Z,2018-02-16T00:00:00Z,240
Glenn Taylor,United States,345,3,2527,21.666666666666668,0,1,2007-01-10T00:00:00Z,2015-11-09T00:00:00Z,872
Nick Domestinis,Greece,563.6730741263913,1,2807,12,0,1,2011-02-11T00:00:00Z,2011-02-11T00:00:00Z,1041
Sami Prittinen,Finland,562.7346148252783,2,3066,7.5,0,2,2010-06-04T00:00:00Z,2012-05-18T00:00:00Z,1315
Sascha Jahn,Germany,125,1,562,5,0,1,2014-03-03T00:00:00Z,2014-03-03T00:00:00Z,377
Jacob Rich,United States,676.6666666666666,3,6170,129.66666666666666,0,1,2017-06-05T00:00:00Z,2018-08-09T00:00:00Z,467
Justin Pettinella,Australia,38.314675363587114,1,831,1,1,1,2009-11-24T00:00:00Z,2009-11-24T00:00:00Z,324
Christopher Brewingham,United States,230,1,519,69,0,1,2017-11-18T00:00:00Z,2017-11-18T00:00:00Z,86
Stefan Pernstich,Italy,657.6185864807899,3,20846,5,0,1,2013-11-21T00:00:00Z,2015-02-05T00:00:00Z,1356
Paul Roy,United States,1908.75,4,13203,10,0,1,2006-02-06T00:00:00Z,2018-03-23T00:00:00Z,1097
Rosa Lopez Francos Señas,Spain,304.3834600282513,1,1265,16,0,1,2018-04-25T00:00:00Z,2018-04-25T00:00:00Z,61
Nicola D'alessio,Italy,1286.9380289054056,9,38657,22.88888888888889,0,5,2007-10-05T00:00:00Z,2012-03-16T00:00:00Z,2662
Robert Hess,United States,262.85714285714283,14,19735,54.357142857142854,0,1,2011-01-15T00:00:00Z,2015-04-25T00:00:00Z,1729
Sonya Pene,New Zealand,142.1032849305861,1,1538,2,0,1,2012-08-01T00:00:00Z,2012-08-01T00:00:00Z,303
Daniel Gilpin,United States,500,4,10519,10.5,0,1,2006-12-16T00:00:00Z,2008-01-29T00:00:00Z,1030
Andre Mailhot,Canada,89.26097093204581,2,2424,10,1,1,2014-02-12T00:00:00Z,2016-02-10T00:00:00Z,489
Lascelles Peart Jr,United States,136.66666666666666,3,2324,24.333333333333332,0,1,2017-10-04T00:00:00Z,2018-03-20T00:00:00Z,160
NA,Adam Lococo,1925.8931714761356,1,10238,9,0,1,2006-10-22T00:00:00Z,2006-10-22T00:00:00Z,1392
Ralph Eliseo,United States,155,1,664,14,0,1,2012-05-14T00:00:00Z,2012-05-14T00:00:00Z,529
Glynn Chelsie,England,32.17652297918565,1,58,11,0,1,2018-09-05T00:00:00Z,2018-09-05T00:00:00Z,10
Georgi Trapozonian,Russia,96.38044729437381,2,1672,11.5,0,1,2017-01-28T00:00:00Z,2017-10-18T00:00:00Z,458
Tomas Beltran,Spain,112.73461482527826,1,639,8,0,1,2017-05-14T00:00:00Z,2017-05-14T00:00:00Z,240
Hindy Bacha,France,140.91826853159782,1,590,6,0,1,2014-02-22T00:00:00Z,2014-02-22T00:00:00Z,398
Jerry Capacad,United States,300,1,1030,70,0,1,2009-02-16T00:00:00Z,2009-02-16T00:00:00Z,1341
Poullain Benoit,France,51.857922819627994,1,302,29,0,1,2017-10-30T00:00:00Z,2017-10-30T00:00:00Z,68
Stephen Faulkner,United States,115.45454545454545,11,9291,20.727272727272727,1,1,2014-01-19T00:00:00Z,2018-11-25T00:00:00Z,1001
James Viviano,United States,262,5,9693,10.6,0,1,2011-03-04T00:00:00Z,2018-03-27T00:00:00Z,961
Ralph Pavey,England,173.16819639707185,11,18749,5.2727272727272725,2,1,2004-11-30T00:00:00Z,2016-09-07T00:00:00Z,1295
Eric Gerard,France,203.48597975962724,4,29930,21.75,1,2,2011-04-28T00:00:00Z,2017-12-13T00:00:00Z,1177
Vitek Meisner,Czech Republic,427.8671775343717,1,17189,3,1,1,2012-03-07T00:00:00Z,2012-03-07T00:00:00Z,1197
A Waller,England,28.958870681267086,2,669,2.5,0,1,2013-08-30T00:00:00Z,2014-09-10T00:00:00Z,411
Ken Robbins,United States,0,1,402,6,1,1,1997-12-22T00:00:00Z,1997-12-22T00:00:00Z,776
Willie Jenkins,United States,185,16,29509,19.125,3,1,2010-10-19T00:00:00Z,2018-10-18T00:00:00Z,1560
Arve Treidene,Norway,169.1019222379174,1,451,11,0,1,2016-03-18T00:00:00Z,2016-03-18T00:00:00Z,238
Brian McNamara,England,55,2,535,9,0,1,2013-11-24T00:00:00Z,2014-11-11T00:00:00Z,348
Marcus Berg,United States,1500,1,3437,566,0,1,2015-06-05T00:00:00Z,2015-06-05T00:00:00Z,642
Thomas Byrne,England,41.4004595665522,18,9594,7.722222222222222,2,1,2013-03-29T00:00:00Z,2018-09-17T00:00:00Z,1065
Norman Dumbleton,England,0,1,145,4,1,1,2016-05-24T00:00:00Z,2016-05-24T00:00:00Z,174
Alois Schmidt,United States,850,2,3343,90.5,0,1,2018-07-05T00:00:00Z,2019-01-15T00:00:00Z,26
Aaron Willis,Australia,252.87685739967495,1,1659,4,0,1,2017-08-28T00:00:00Z,2017-08-28T00:00:00Z,58
Ronald Lyons Jr,United States,82.22222222222223,9,6170,4.333333333333333,1,1,2007-03-02T00:00:00Z,2018-05-20T00:00:00Z,1567
Trevor Doehler,United States,530,1,726,62,0,1,2007-03-21T00:00:00Z,2007-03-21T00:00:00Z,1261
John Benham,United States,245,6,8988,11.166666666666666,0,1,2014-03-26T00:00:00Z,2018-10-23T00:00:00Z,576
Robert Corbeil,Canada,345.22222222222223,45,67962,93.02222222222223,1,1,2012-03-17T00:00:00Z,2018-06-17T00:00:00Z,2130
Shedea Gizza,Australia,99.61815594532649,1,410,23,0,1,2018-09-07T00:00:00Z,2018-09-07T00:00:00Z,14
Milan Revík,Czech Republic,51.34406130412461,1,136,22,0,1,2015-07-11T00:00:00Z,2015-07-11T00:00:00Z,296
Havan Ramasan,Turkey,14.119616858634267,1,439,19,1,1,2010-07-31T00:00:00Z,2010-07-31T00:00:00Z,980
Fouzi Merzougui,France,698.7623512353357,3,11425,29.333333333333332,0,2,2012-03-31T00:00:00Z,2015-11-19T00:00:00Z,967
Sandor Korodi,Hungary,420.7819498353511,20,86230,56.7,2,3,2010-10-09T00:00:00Z,2018-09-30T00:00:00Z,2755
Brian Iacovides,United States,105,2,1873,1,0,1,2013-10-11T00:00:00Z,2015-08-15T00:00:00Z,714
Patrizio Leoni,Scotland,245,2,8232,14,1,1,2015-09-13T00:00:00Z,2015-09-30T00:00:00Z,943
Jeffrey Hinman,United States,100,2,889,13.5,0,1,2009-06-04T00:00:00Z,2013-01-05T00:00:00Z,497
Charlie Canlas,United States,233.33333333333334,9,12275,70.77777777777777,1,1,2009-05-16T00:00:00Z,2018-04-28T00:00:00Z,2117
Vicky Tawil,United States,113.33333333333333,3,1586,5.333333333333333,0,1,2004-09-01T00:00:00Z,2014-07-14T00:00:00Z,1529
Andreas Samuelsson,Sweden,3158.697279026773,22,765102,34.40909090909091,2,11,2011-08-27T00:00:00Z,2017-11-20T00:00:00Z,8099
NA,Stelu Petre,209.81095785860518,1,948,7,0,1,2010-05-04T00:00:00Z,2010-05-04T00:00:00Z,876
Delore Elumir,Canada,157.87898431989137,9,18888,8.333333333333334,2,2,1996-09-06T00:00:00Z,2006-03-25T00:00:00Z,1377
Joe Sorentino,United States,635,2,3263,19.5,0,1,2008-06-13T00:00:00Z,2009-12-11T00:00:00Z,1110
Steven Christian,United States,100,1,2274,1,1,1,2008-08-18T00:00:00Z,2008-08-18T00:00:00Z,284
Stephan Sheridan,United States,100,1,1600,1,0,1,1994-03-19T00:00:00Z,1994-03-19T00:00:00Z,1027
Jamie Moore,New Zealand,213.15492739587916,1,677,6,0,1,2015-11-17T00:00:00Z,2015-11-17T00:00:00Z,270
Joshua Foulon,France,67.64076889516696,1,391,4,0,1,2018-05-06T00:00:00Z,2018-05-06T00:00:00Z,40
Robert Klab,Northern Cyprus,820,1,33328,1,1,1,2014-03-30T00:00:00Z,2014-03-30T00:00:00Z,492
Sergio San Martin,Chile,145.232061828277,6,8641,23.333333333333332,0,2,2013-03-13T00:00:00Z,2015-09-29T00:00:00Z,759
Joseph Cass,United States,178,5,7412,40.6,0,1,2009-02-21T00:00:00Z,2015-06-09T00:00:00Z,940
NA,Darrin Ross,200,1,615,13,0,1,2012-09-09T00:00:00Z,2012-09-09T00:00:00Z,540
Roin Starr,France,67.64076889516696,1,287,7,0,1,2017-09-23T00:00:00Z,2017-09-23T00:00:00Z,68
Cengiz Karasu,England,185.01500713031749,4,13101,6.75,1,1,2011-02-15T00:00:00Z,2017-11-15T00:00:00Z,424
Serhii Matveev,Belarus,55,1,362,13,0,1,2016-06-16T00:00:00Z,2016-06-16T00:00:00Z,176
Thomas Martin Buhler,Ireland,101.46115334275044,5,3331,3.2,0,1,2012-09-29T00:00:00Z,2017-10-13T00:00:00Z,454
Benjamin Rudder,United States,193,5,2964,11.8,0,1,2012-10-12T00:00:00Z,2016-03-26T00:00:00Z,916
Adam Kutasi,United States,276.6666666666667,3,2540,118,0,1,2014-09-04T00:00:00Z,2017-04-21T00:00:00Z,642
Curt Favre,United States,230,1,2004,7,0,1,2016-05-17T00:00:00Z,2016-05-17T00:00:00Z,146
NA,Barry Stedlar,2793.2960893854747,1,6000,89,0,1,2005-09-26T00:00:00Z,2005-09-26T00:00:00Z,1438
John Shores,England,40.756929106968485,3,1324,4.666666666666667,1,1,2011-05-21T00:00:00Z,2015-02-10T00:00:00Z,666
Miguel Marquez Boluda,Spain,231.10596039182042,2,3667,7,0,1,2014-03-15T00:00:00Z,2014-12-06T00:00:00Z,341
Richard West,United States,165,4,4708,6.75,0,1,2010-01-24T00:00:00Z,2018-06-23T00:00:00Z,1787
Aitor Guinea Alvarez,Spain,169.1019222379174,1,677,9,0,1,2014-06-13T00:00:00Z,2014-06-13T00:00:00Z,397
Alberto Rodriguez,Spain,619.0673997250103,1,1422,105,0,1,2018-05-09T00:00:00Z,2018-05-09T00:00:00Z,88
Brain Gaffney,England,12.87060919167426,1,250,2,0,1,2014-08-17T00:00:00Z,2014-08-17T00:00:00Z,208
Kagias Kostas,Greece,563.6730741263913,1,1362,23,0,1,2012-10-07T00:00:00Z,2012-10-07T00:00:00Z,120
Darlene Boosted,United States,365,1,590,29,0,1,2018-01-23T00:00:00Z,2018-01-23T00:00:00Z,61
Arthur Malkin,England,32.17652297918565,1,458,1,0,1,2015-03-18T00:00:00Z,2015-03-18T00:00:00Z,448
Russell Jordan,Canada,385.17863429522714,1,1465,15,0,1,2014-01-24T00:00:00Z,2014-01-24T00:00:00Z,614
William Thompson,United States,414.11764705882354,34,98107,43.470588235294116,2,1,2008-06-10T00:00:00Z,2018-08-07T00:00:00Z,2719
Scott Billiot,United States,365,3,3635,43.333333333333336,0,1,2015-12-03T00:00:00Z,2017-11-23T00:00:00Z,227
Cameron Outlaw,United States,288.3333333333333,3,13094,8.666666666666666,1,1,2017-03-21T00:00:00Z,2017-08-18T00:00:00Z,185
Christina Sandoval,United States,150,1,360,23,0,1,2015-02-19T00:00:00Z,2015-02-19T00:00:00Z,337
Victor Gregersen,Denmark,2.995070242740602,2,679,7.5,2,1,2015-05-17T00:00:00Z,2016-06-10T00:00:00Z,196
Martin Poguntke,Germany,328.6528833568761,4,10512,8.5,0,2,2009-01-31T00:00:00Z,2011-02-05T00:00:00Z,2110
James Voeller,United States,233.75,8,8265,9.5,0,1,2009-01-26T00:00:00Z,2019-01-03T00:00:00Z,1740
Oliver Kathriner,Austria,97.51107216718498,3,1557,14.333333333333334,0,2,2017-03-05T00:00:00Z,2017-10-30T00:00:00Z,176
Omry Weiss,United States,382.5,2,2331,73,0,1,2018-01-23T00:00:00Z,2018-02-23T00:00:00Z,61
Stephen Nowlin,United States,162.5,4,1242,23.25,0,1,2017-06-14T00:00:00Z,2017-07-06T00:00:00Z,326
Rolf Joakim Sohlberg,Sweden,77.59557258447906,3,4362,9.333333333333334,1,2,2015-12-13T00:00:00Z,2016-11-01T00:00:00Z,315
Lisa Armstrong,United States,126.66666666666667,9,9219,2.7777777777777777,0,1,2009-09-03T00:00:00Z,2012-04-08T00:00:00Z,566
Nizam Furuq,Australia,0,1,284,10,1,1,2013-05-06T00:00:00Z,2013-05-06T00:00:00Z,320
Michael McGraw,United States,202.88,5,2813,14,0,1,2015-08-23T00:00:00Z,2018-07-25T00:00:00Z,172
Patrick Tobies,Germany,180,2,3067,4.5,0,1,2013-06-14T00:00:00Z,2013-06-20T00:00:00Z,433
Mark Schiowitz,United States,350,1,744,69,0,1,2018-01-20T00:00:00Z,2018-01-20T00:00:00Z,87
Eric Cordova,United States,162.5,2,4427,1,0,1,2014-05-04T00:00:00Z,2016-11-20T00:00:00Z,424
Jiří Češka,Czech Republic,149.7535121370301,1,222,33,0,1,2015-01-25T00:00:00Z,2015-01-25T00:00:00Z,439
Kirk Hansen,United States,1000,1,2377,208,0,1,2012-07-01T00:00:00Z,2012-07-01T00:00:00Z,790
Razmik Tatos,United States,150,1,1010,3,0,1,2014-01-09T00:00:00Z,2014-01-09T00:00:00Z,333
Renaud Art,Belgium,74.02906373526605,3,1554,3.3333333333333335,0,1,2012-06-09T00:00:00Z,2015-04-18T00:00:00Z,485
Raymond Rapp,United States,218,5,2597,90.6,0,1,2012-10-11T00:00:00Z,2017-07-05T00:00:00Z,633
Bram Van Eijk,Netherlands,208.55903742676477,2,6377,4.5,1,2,2018-02-18T00:00:00Z,2018-09-08T00:00:00Z,107
Stephen Smith,Australia,82.23125238303597,7,8210,9.428571428571429,1,2,2014-02-27T00:00:00Z,2018-09-08T00:00:00Z,496
Diego Acquistapace,Italy,225.4692296505565,1,1099,16,0,1,2008-07-13T00:00:00Z,2008-07-13T00:00:00Z,1675
Dewey Dollen,United States,250,1,842,9,0,1,2013-02-17T00:00:00Z,2013-02-17T00:00:00Z,537
Marc Magazu,United States,531.9117647058823,34,153333,25.941176470588236,1,1,2002-09-19T00:00:00Z,2018-06-22T00:00:00Z,3671
Jose Pacheco De Noronha,Portugal,1287.0609191674262,1,2969,101,0,1,2015-04-12T00:00:00Z,2015-04-12T00:00:00Z,660
Antonio Delacruz,United States,790.0517099275658,38,204340,55.73684210526316,3,2,2011-02-08T00:00:00Z,2019-01-10T00:00:00Z,2416
Atik Miah,Germany,28.81490955613296,11,57817,23.272727272727273,10,1,2014-11-14T00:00:00Z,2017-11-01T00:00:00Z,1391
Omar Flores,United States,160,1,510,53,0,1,2018-03-27T00:00:00Z,2018-03-27T00:00:00Z,42
Jason Ham,Australia,229.88805218152268,1,732,4,0,1,2016-10-26T00:00:00Z,2016-10-26T00:00:00Z,194
Bian Houng,United States,500,1,1648,8,0,1,2008-02-14T00:00:00Z,2008-02-14T00:00:00Z,1070
Douglas Brofman,United States,1173,5,62898,133,1,1,2011-09-05T00:00:00Z,2018-06-07T00:00:00Z,1651
Prang In,United States,121.42857142857143,7,7948,9.142857142857142,1,1,2011-04-26T00:00:00Z,2018-09-04T00:00:00Z,998
Garry Simms,United States,793.8709677419355,31,305973,35.03225806451613,5,1,2011-09-30T00:00:00Z,2018-11-30T00:00:00Z,3872
Cyril Averbouch,France,191.64884520297304,1,2736,7,0,1,2016-10-13T00:00:00Z,2016-10-13T00:00:00Z,249
Dan Harkenrider,United States,3161.25,4,50192,85.25,0,2,2010-07-05T00:00:00Z,2016-01-12T00:00:00Z,3852
Jeffrey Copeland,United States,229.0909090909091,11,22816,23.545454545454547,1,1,1985-05-05T00:00:00Z,2017-06-23T00:00:00Z,1526
Charles Rhinelander,United States,50,1,1350,4,1,1,2003-11-03T00:00:00Z,2003-11-03T00:00:00Z,1069
Bletislav Žídek,Czech Republic,11.552413793428036,1,758,60,1,1,2017-04-13T00:00:00Z,2017-04-13T00:00:00Z,175
Albert Deval Anton,Spain,169.1019222379174,1,1636,9,0,1,2017-09-14T00:00:00Z,2017-09-14T00:00:00Z,98
Stephen Mclean,United States,678.3333333333334,3,4797,58.666666666666664,0,1,2014-06-07T00:00:00Z,2018-06-27T00:00:00Z,536
Ian Menard,Canada,438.4616787060669,6,10741,16.333333333333332,0,1,2011-03-23T00:00:00Z,2017-03-24T00:00:00Z,990
Frank Longinoti,Canada,323.23933555847736,26,89890,10.192307692307692,3,3,2003-03-01T00:00:00Z,2017-02-01T00:00:00Z,1747
Alexander Abineri,England,12.87060919167426,2,245,5.5,0,1,2017-09-27T00:00:00Z,2018-07-30T00:00:00Z,68
Paul Thorpe,England,128.7060919167426,2,564,230.5,0,1,2012-08-22T00:00:00Z,2013-08-20T00:00:00Z,921
Christian Bader,Germany,5.6906334612071445,3,1746,35,3,1,2014-12-06T00:00:00Z,2018-08-31T00:00:00Z,568
NA,Ron Webber,60,1,1100,4,0,1,2011-09-27T00:00:00Z,2011-09-27T00:00:00Z,962
Giuseppe Maiuri,Italy,4.278671775343717,1,267,18,1,1,2017-10-15T00:00:00Z,2017-10-15T00:00:00Z,78
Pijus Jonikas,Lithuania,12.836015326031152,1,9174,8,1,1,2016-12-08T00:00:00Z,2016-12-08T00:00:00Z,333
Paul Lillis,Australia,49.809077972663246,1,242,8,0,1,2007-02-18T00:00:00Z,2007-02-18T00:00:00Z,301
Henry Stafford,United States,125,1,923,4,0,1,2015-02-17T00:00:00Z,2015-02-17T00:00:00Z,211
Bob Burnham,United States,1500,1,3623,17,0,1,2003-12-03T00:00:00Z,2003-12-03T00:00:00Z,1271
Jeffery Nuss,United States,167.5,2,803,61.5,0,1,2011-01-15T00:00:00Z,2014-07-18T00:00:00Z,836
Josh Gendle,Australia,229.88805218152268,1,655,13,0,1,2010-02-17T00:00:00Z,2010-02-17T00:00:00Z,341
John Limberg,United States,1000,1,3645,18,0,1,2004-09-11T00:00:00Z,2004-09-11T00:00:00Z,1181
Ken Heathcote,United States,490,5,22259,5,1,1,2014-03-14T00:00:00Z,2016-04-08T00:00:00Z,1009
Richard Briscoe,United States,283.3333333333333,6,27188,7.833333333333333,2,1,2007-10-22T00:00:00Z,2014-10-07T00:00:00Z,961
NA,Sean Kennett,25.74121838334852,1,807,1,1,1,2012-10-17T00:00:00Z,2012-10-17T00:00:00Z,368
Glen Walston,United States,200,1,2444,2,0,1,2010-02-26T00:00:00Z,2010-02-26T00:00:00Z,958
Juan Carlos Alvarado,Mexico,11712.884399202194,52,4476040,49.69230769230769,6,15,2006-05-20T00:00:00Z,2019-01-11T00:00:00Z,32743
Lee Feeney,England,6.43530459583713,1,85,4,0,1,2012-03-09T00:00:00Z,2012-03-09T00:00:00Z,315
Byoun Ho Lee,United States,100,1,2330,2,1,1,2004-12-01T00:00:00Z,2004-12-01T00:00:00Z,881
Amanda Daniels,United States,375.7142857142857,7,36455,71.28571428571429,1,1,2011-08-25T00:00:00Z,2018-11-01T00:00:00Z,1163
Christopher Cummings,United States,547.5,4,6211,63,0,1,2016-04-22T00:00:00Z,2018-04-06T00:00:00Z,393
Etherly Deandre,United States,245.83333333333334,6,3716,26.5,0,1,2014-12-19T00:00:00Z,2018-12-17T00:00:00Z,392
Lin Luo,China,0,1,610,5,1,1,2016-11-19T00:00:00Z,2016-11-19T00:00:00Z,167
Reuven Geva,Israel,313.0438081061267,6,6855,15.833333333333334,0,6,2016-08-05T00:00:00Z,2018-10-29T00:00:00Z,197
Oswald Magaoay,Norway,467.4306072915347,4,5660,110.5,0,2,2012-03-28T00:00:00Z,2017-11-23T00:00:00Z,561
Akihiko Hasumi,Japan,912.4454806386905,1,2409,35,0,1,2013-10-12T00:00:00Z,2013-10-12T00:00:00Z,539
Holly Raba,United States,303.3333333333333,3,8863,9.333333333333334,1,1,2009-09-12T00:00:00Z,2013-09-08T00:00:00Z,2895
Daniel Rodríguez Carballal,Spain,361.1617940887229,3,7865,24.333333333333332,0,2,2016-03-09T00:00:00Z,2018-06-16T00:00:00Z,334
Travis Frazier,United States,150,1,476,1,0,1,2015-03-25T00:00:00Z,2015-03-25T00:00:00Z,398
Hikaru Yasuda,United States,565,1,2000,72,0,1,2017-09-16T00:00:00Z,2017-09-16T00:00:00Z,71
Edward Cotter,United States,670.2631578947369,19,60112,24.894736842105264,1,1,2011-04-24T00:00:00Z,2016-08-18T00:00:00Z,2117
Daniele Sciarra,Italy,125,1,1021,3,0,1,2014-08-31T00:00:00Z,2014-08-31T00:00:00Z,294
John McCay,United States,500,1,24480,1,1,1,2005-03-06T00:00:00Z,2005-03-06T00:00:00Z,910
Aleksey Bazhenov,Belarus,215,2,1517,17,0,1,2016-10-06T00:00:00Z,2016-10-07T00:00:00Z,280
Tok Soon Lee,United States,200,1,1590,6,0,1,1997-07-18T00:00:00Z,1997-07-18T00:00:00Z,1341
Mikko Markkanen,Finland,225.4692296505565,3,8814,4,1,2,2013-02-14T00:00:00Z,2018-11-24T00:00:00Z,1071
Jeff Park,United States,100,1,1650,18,0,1,2006-03-29T00:00:00Z,2006-03-29T00:00:00Z,940
Bengy Rui Huang Yu,Australia,198.68895938545887,7,5783,14.571428571428571,0,1,2015-01-31T00:00:00Z,2018-11-15T00:00:00Z,412
Michael Kammer,United States,125,1,2500,6,0,1,2011-06-18T00:00:00Z,2011-06-18T00:00:00Z,1144
Steven Lynch,England,10000,1,45422,228,0,1,2007-07-06T00:00:00Z,2007-07-06T00:00:00Z,1720
Karim Sekkai,France,563.6730741263913,3,7059,21.666666666666668,0,1,2009-10-25T00:00:00Z,2019-01-10T00:00:00Z,1495
Jason Wade,England,14.040664572735556,11,1689,6.7272727272727275,2,1,2009-03-05T00:00:00Z,2010-01-23T00:00:00Z,981
Mark Jones,United States,200,1,468,13,0,1,2010-04-21T00:00:00Z,2010-04-21T00:00:00Z,1444
Rolf Weisshaupt,Germany,421.0081517873183,107,359614,25.55140186915888,9,6,2007-02-25T00:00:00Z,2018-10-24T00:00:00Z,8649
Anthony West,United States,235,4,2664,68.75,0,1,2015-07-17T00:00:00Z,2018-03-08T00:00:00Z,237
Chris Marohn,United States,566.6666666666666,3,22870,4.666666666666667,0,1,1996-06-26T00:00:00Z,2009-05-25T00:00:00Z,1933
Ricardo Sousa,United States,383.2142857142857,14,32399,135.92857142857142,1,1,2014-12-12T00:00:00Z,2018-06-02T00:00:00Z,1693
Boaz Lee,United States,93.33333333333333,3,1980,4,0,1,2017-06-30T00:00:00Z,2018-07-25T00:00:00Z,206
Nicolas Boreque,Belgium,124.00807630780608,1,442,4,0,1,2009-04-25T00:00:00Z,2009-04-25T00:00:00Z,400
Deepak Mallam,United States,721.6666666666666,3,4489,105.66666666666667,0,1,2014-01-10T00:00:00Z,2017-01-12T00:00:00Z,491
Richard Cooley,United States,237.5,2,2483,28.5,0,1,2013-01-23T00:00:00Z,2018-06-11T00:00:00Z,405
Shperblim Lipoveci,Norway,549.2552564898377,8,21597,15.5,0,3,2012-03-28T00:00:00Z,2015-11-18T00:00:00Z,1172
Robert Baum,United States,125,2,1548,4.5,0,1,2013-08-06T00:00:00Z,2016-11-17T00:00:00Z,382
Dennis Tiencharien,United States,100,1,1610,5,0,1,2008-05-31T00:00:00Z,2008-05-31T00:00:00Z,1180
Hok Li,England,283.15340221683374,1,2083,12,0,1,2016-07-25T00:00:00Z,2016-07-25T00:00:00Z,278
Dennis Olodort,United States,300,1,4960,4,0,1,1990-03-22T00:00:00Z,1990-03-22T00:00:00Z,1197
Kevin Doyle,Canada,327.4018391509431,2,2965,15,0,1,2013-06-08T00:00:00Z,2016-10-14T00:00:00Z,293
Vikram Bhatia,United States,315,9,22587,47.77777777777778,1,1,2016-06-18T00:00:00Z,2018-10-28T00:00:00Z,444
Dockhorn Mirko,Germany,112.73461482527826,1,1283,2,0,1,2015-11-21T00:00:00Z,2015-11-21T00:00:00Z,212
Ron VanAnda,United States,100,1,520,4,0,1,2005-06-10T00:00:00Z,2005-06-10T00:00:00Z,1162
Oliver Leece,Canada,100,1,638,5,0,1,2008-06-04T00:00:00Z,2008-06-04T00:00:00Z,381
Robert Taubenheim,Germany,146.69447542831185,2,3201,42.5,0,2,2016-10-01T00:00:00Z,2017-03-23T00:00:00Z,319
Suzanne Frelek,Australia,114.94402609076134,1,300,31,0,1,2017-07-23T00:00:00Z,2017-07-23T00:00:00Z,151
Keith Lauder III,United States,195.2173913043478,46,62231,41.34782608695652,3,1,2013-12-27T00:00:00Z,2018-10-13T00:00:00Z,1982
Jean Luc Joseph,Canada,178.7228863129854,5,7395,54.4,1,1,2016-11-17T00:00:00Z,2018-08-31T00:00:00Z,356
Ghattas Kortas,Sweden,3273.6701336013957,21,373525,101.85714285714286,1,9,2008-08-29T00:00:00Z,2018-08-22T00:00:00Z,5076
Michael Dearing,United States,1000,1,22880,4,1,1,1995-12-12T00:00:00Z,1995-12-12T00:00:00Z,969
Fred West,United States,505.7142857142857,7,16118,11.714285714285714,0,1,2013-01-09T00:00:00Z,2017-10-13T00:00:00Z,593
Pavel Ručka,Czech Republic,128.3601532603115,1,670,15,0,1,2013-03-22T00:00:00Z,2013-03-22T00:00:00Z,572
Eric Bergin,United States,412.1,3,3532,15.666666666666666,0,1,2015-03-03T00:00:00Z,2016-05-19T00:00:00Z,406
Gary Gourley,United States,203.33333333333334,3,1382,47,0,1,2014-07-03T00:00:00Z,2015-11-29T00:00:00Z,462
Michal Jaczarski,Poland,372.02422892341826,1,1794,25,0,1,2018-06-08T00:00:00Z,2018-06-08T00:00:00Z,38
Mircea Stanescu,Romania,193.85080459780934,5,11277,41.6,1,2,2015-09-10T00:00:00Z,2017-10-10T00:00:00Z,396
Zakarya Walgamott,United States,150,1,430,41,0,1,2016-10-04T00:00:00Z,2016-10-04T00:00:00Z,152
James Beach,United States,208.75,4,2844,35.75,0,1,2016-01-14T00:00:00Z,2019-01-14T00:00:00Z,259
Alison Wade,Australia,216.47791580426718,4,13473,10.5,2,1,2011-10-01T00:00:00Z,2018-06-28T00:00:00Z,623
Carlos De Oliveira,Belgium,78.91423037769478,1,873,2,0,1,2018-02-18T00:00:00Z,2018-02-18T00:00:00Z,135
Alain Simillon,Belgium,45.0938459301113,1,569,3,0,1,2010-12-09T00:00:00Z,2010-12-09T00:00:00Z,327
Lee Fenderson,United States,300,1,16875,1,1,1,2007-11-13T00:00:00Z,2007-11-13T00:00:00Z,1317
Chetan Pandotra,India,122.8333577566993,1,764,5,0,1,2012-05-27T00:00:00Z,2012-05-27T00:00:00Z,485
Mark Doyon,United States,100,1,583,3,0,1,2012-04-06T00:00:00Z,2012-04-06T00:00:00Z,298
Victor Duda,India,383.8542429896853,1,1448,7,0,1,2011-12-07T00:00:00Z,2011-12-07T00:00:00Z,884
Mourad Seghir,France,140.91826853159782,1,763,17,0,1,2014-03-08T00:00:00Z,2014-03-08T00:00:00Z,376
Christopher Tocknell,England,47.621254009194764,50,22364,3.6,2,1,2008-05-23T00:00:00Z,2018-12-16T00:00:00Z,607
Simon Rom,Canada,150,4,3789,31,0,1,2017-05-25T00:00:00Z,2018-06-28T00:00:00Z,228
Wif Loughery,United States,1500,1,3000,10,0,1,1986-05-12T00:00:00Z,1986-05-12T00:00:00Z,1235
Wilburn Kilbury,United States,212.22222222222223,9,10706,26.333333333333332,0,1,2012-09-01T00:00:00Z,2017-04-27T00:00:00Z,1626
Matthew Gamer,Australia,383.1467536358711,1,1133,30,0,1,2013-10-10T00:00:00Z,2013-10-10T00:00:00Z,426
Marco Dodier,United States,125,1,810,2,0,1,2013-11-11T00:00:00Z,2013-11-11T00:00:00Z,381
Ellis Ezell,United States,100,1,1915,3,0,1,2016-03-24T00:00:00Z,2016-03-24T00:00:00Z,249
Christine Laffin,England,38.61182757502278,1,102,8,0,1,2016-05-01T00:00:00Z,2016-05-01T00:00:00Z,164
Baxter Palmer,United States,321.875,8,14320,59.875,0,1,2015-04-17T00:00:00Z,2018-03-04T00:00:00Z,722
Jimmie Cox,United States,356.25,4,9275,132.25,0,1,2004-01-17T00:00:00Z,2013-06-20T00:00:00Z,1631
Brady Goodman,United States,217.5,2,707,32,0,1,2008-02-18T00:00:00Z,2018-05-01T00:00:00Z,861
Paul Doherty,Ireland,121.89430227983212,8,3986,13,0,1,2011-09-08T00:00:00Z,2018-12-29T00:00:00Z,1017
Frank Margolis,United States,628.3333333333334,21,69920,79.0952380952381,1,1,2007-06-03T00:00:00Z,2017-07-08T00:00:00Z,2182
William Ohana,France,563.6730741263913,1,4245,5,0,1,2014-08-22T00:00:00Z,2014-08-22T00:00:00Z,366
Everett Diehl,United States,170,2,540,23,0,1,2018-01-20T00:00:00Z,2018-02-17T00:00:00Z,46
David Springall,England,12.87060919167426,1,217,2,0,1,2015-06-13T00:00:00Z,2015-06-13T00:00:00Z,299
Christopher Sturm,United States,490,2,4308,13,0,1,2014-08-10T00:00:00Z,2015-08-07T00:00:00Z,452
Yvan Voncken,Belgium,67.64076889516696,1,620,5,0,1,2009-02-08T00:00:00Z,2009-02-08T00:00:00Z,328
Ivo Jurno,Estonia,104.82352941176471,17,16755,4.117647058823529,2,1,2002-05-30T00:00:00Z,2009-05-05T00:00:00Z,3428
Edward Kirsch,United States,1000,1,1989,8,0,1,2004-09-01T00:00:00Z,2004-09-01T00:00:00Z,876
Leslie Cohen,United States,182.5,2,6613,2,1,1,2013-06-15T00:00:00Z,2015-06-27T00:00:00Z,498
Chad Beltz,United States,100,1,960,1,0,1,2015-04-05T00:00:00Z,2015-04-05T00:00:00Z,264
Joe Pawlik,Canada,770.3572685904543,1,10729,7,0,1,2013-11-27T00:00:00Z,2013-11-27T00:00:00Z,557
NA,Chris Meyering,200,1,763,20,0,1,2014-10-25T00:00:00Z,2014-10-25T00:00:00Z,342
Alex Pintilie,Ireland,107.09788408401434,11,8619,24.727272727272727,0,1,2015-05-17T00:00:00Z,2018-05-24T00:00:00Z,381
Paolo Halasan,United States,565,1,1801,1657,0,1,2015-05-29T00:00:00Z,2015-05-29T00:00:00Z,655
Michael Hansen,Germany,7.7016091956186905,1,1028,20,1,1,2016-07-28T00:00:00Z,2016-07-28T00:00:00Z,173
Dale Menghe,United States,516.1111111111111,9,28006,49.77777777777778,1,1,2008-01-07T00:00:00Z,2018-06-30T00:00:00Z,1361
Hal Wilber,United States,750,2,8740,5,0,1,1976-05-08T00:00:00Z,1982-05-21T00:00:00Z,1312
Russell Ray,United States,350,1,1185,17,0,1,2014-03-15T00:00:00Z,2014-03-15T00:00:00Z,649
T Lawrence,England,35.39417527710421,2,214,5.5,0,1,2015-03-09T00:00:00Z,2015-06-28T00:00:00Z,339
Kenny Anderson,United States,77.78571428571429,7,12970,4.428571428571429,3,1,1994-01-01T00:00:00Z,1995-06-01T00:00:00Z,1424
William Pappaconstantinou,United States,885,21,2191406,72.52380952380952,1,1,2010-10-13T00:00:00Z,2019-01-09T00:00:00Z,17728
Adam Klock,England,12.87060919167426,1,117,3,0,1,2011-01-21T00:00:00Z,2011-01-21T00:00:00Z,200
Ryan Dreyer,South Africa,355.43366156400185,29,825430,34.13793103448276,6,3,2007-09-07T00:00:00Z,2018-02-02T00:00:00Z,8140
Michael Hamblin,United States,365,2,2463,269,0,1,2018-03-16T00:00:00Z,2018-06-01T00:00:00Z,69
Donna Eby,United States,400,1,845,14,0,1,2018-05-05T00:00:00Z,2018-05-05T00:00:00Z,40
Karsten Bernhard Karlsen,Norway,181.47103323073364,1,815,1,0,1,2015-11-07T00:00:00Z,2015-11-07T00:00:00Z,30
Geoffrey Lay,United States,707.1428571428571,7,41271,190.28571428571428,1,1,2010-01-23T00:00:00Z,2013-06-22T00:00:00Z,3706
George Niedzwicki,United States,226,5,8728,61.4,0,1,2018-04-14T00:00:00Z,2018-12-15T00:00:00Z,269
Dino Santarsiero,Italy,253.65288335687606,1,766,9,0,1,2011-07-23T00:00:00Z,2011-07-23T00:00:00Z,866
Mark Simmerman,United States,2683.275,4,20824,267.5,0,1,2015-06-20T00:00:00Z,2016-04-09T00:00:00Z,802
Kenneth Bogg,England,193.05913787511392,1,473,11,0,1,2017-11-09T00:00:00Z,2017-11-09T00:00:00Z,74
Guillaume Sitbon,France,159.23449704031896,3,4336,18,1,3,2011-12-10T00:00:00Z,2013-10-11T00:00:00Z,1245
Mario Aceval,Argentina,0,2,2641,11.5,2,1,2016-02-19T00:00:00Z,2016-03-18T00:00:00Z,287
Rachid Belcaid,France,555.2179780144954,2,10455,3.5,0,1,2013-02-07T00:00:00Z,2014-03-08T00:00:00Z,356
Gary Cole,England,51.68123619627164,10,2699,4.9,0,2,2011-09-24T00:00:00Z,2017-10-06T00:00:00Z,458
Rayme Silvestre Cueto,United States,235,1,458,79,0,1,2017-06-21T00:00:00Z,2017-06-21T00:00:00Z,221
Socrate Darian Gologan,Romania,123.41821050506188,1,266,16,0,1,2015-09-25T00:00:00Z,2015-09-25T00:00:00Z,304
Sammie Billingslea,United States,183.33333333333334,3,2847,30.333333333333332,0,1,2010-03-07T00:00:00Z,2015-10-21T00:00:00Z,1271
Jesse Green,United States,250,1,11234,4,1,1,2015-11-29T00:00:00Z,2015-11-29T00:00:00Z,181
Agustin Lebron,United States,235,1,419,93,0,1,2016-07-06T00:00:00Z,2016-07-06T00:00:00Z,272
Luke Giovine,United States,170.83333333333334,6,8642,10.5,1,1,1991-04-10T00:00:00Z,2017-11-08T00:00:00Z,940
Baris Kozay,Germany,2.1393358876718587,1,677,8,1,1,2015-10-09T00:00:00Z,2015-10-09T00:00:00Z,350
NA,Dominik Bican,941.3077905756178,1,2400,2,0,1,2010-04-24T00:00:00Z,2010-04-24T00:00:00Z,1120
Jan Dalibor Pechanec,England,19.30591378751139,2,511,5,1,1,2016-09-30T00:00:00Z,2016-11-11T00:00:00Z,230
Eduard-Nicolea Taranu,Romania,5.551576628508473,4,5857,5,4,1,2010-06-19T00:00:00Z,2018-02-10T00:00:00Z,1405
Len Demchan,United States,1100,1,5517,64,0,1,2016-06-06T00:00:00Z,2016-06-06T00:00:00Z,245
Misty Mcdonald,United States,365,1,618,116,0,1,2013-01-26T00:00:00Z,2013-01-26T00:00:00Z,770
Charlotte Swanson,United States,15,2,257,10.5,0,1,2015-06-09T00:00:00Z,2017-12-26T00:00:00Z,291
Errol Williams,England,283.15340221683374,1,7193,4,1,1,2016-08-25T00:00:00Z,2016-08-25T00:00:00Z,137
Stephan Kübler,Germany,65.48890804616636,4,13490,39,1,2,2011-09-03T00:00:00Z,2018-08-23T00:00:00Z,1039
Simon Flynn,England,39.255358034606495,10,5630,4.6,1,1,2014-12-21T00:00:00Z,2017-10-12T00:00:00Z,627
M Nijman,Netherlands,84.5509611189587,2,9056,7,1,1,2008-08-26T00:00:00Z,2009-08-24T00:00:00Z,1574
Nicolas Torossian,France,253.51481717507573,42,47428,65.95238095238095,1,6,2015-09-24T00:00:00Z,2018-11-22T00:00:00Z,4414
Steven Selfors,United States,65,1,1182,2,0,1,2014-03-24T00:00:00Z,2014-03-24T00:00:00Z,497
NA,Gwynn Medlin,500,1,1097,27,0,1,2009-08-01T00:00:00Z,2009-08-01T00:00:00Z,1578
Dexter Curtis,England,66.49814749031701,12,5607,6.833333333333333,0,1,2014-03-28T00:00:00Z,2015-08-07T00:00:00Z,529
Aldo Enrico Pezzotti,Italy,191.64884520297304,1,2131,7,0,1,2018-04-08T00:00:00Z,2018-04-08T00:00:00Z,62
Jose Pacheco Lloret,Spain,45.0938459301113,5,744,8.4,0,1,2013-06-15T00:00:00Z,2017-05-06T00:00:00Z,309
Korbinian Sonnenholzner,Germany,155.62604148136052,13,92409,30.692307692307693,6,4,2010-09-11T00:00:00Z,2019-01-17T00:00:00Z,2551
Joshua Reitan,United States,75,2,2569,1,1,1,2015-03-31T00:00:00Z,2019-01-20T00:00:00Z,227
Gonzalo Fernandez,Spain,292.86955628665123,13,85740,30.23076923076923,2,3,2011-07-14T00:00:00Z,2017-08-25T00:00:00Z,1784
Marco Broer,Germany,7.487675606851505,1,422,103,1,1,2015-03-12T00:00:00Z,2015-03-12T00:00:00Z,403
Jeff Sanders,United States,675,2,2557,21.5,0,1,2007-06-16T00:00:00Z,2010-10-02T00:00:00Z,1038
Reuben Wassell,England,23.596116851402808,9,2090,3.3333333333333335,0,1,2013-11-26T00:00:00Z,2018-06-08T00:00:00Z,367
NA,Christian Katzgrob,56.36730741263913,1,163,23,0,1,2010-10-16T00:00:00Z,2010-10-16T00:00:00Z,652
Raed Mouawad,Lebanon,1208.235347434338,10,132521,17.3,1,3,2013-08-16T00:00:00Z,2017-05-03T00:00:00Z,1717
Michael Montetna,United States,350,1,735,51,0,1,2017-11-11T00:00:00Z,2017-11-11T00:00:00Z,99
NA,Wang Li Chieh Jacky,159.29816126476948,1,1385,3,0,1,2011-09-24T00:00:00Z,2011-09-24T00:00:00Z,834
Chiehtal Chao,United States,156.33333333333334,3,2060,11.666666666666666,0,1,2006-06-28T00:00:00Z,2012-03-20T00:00:00Z,875
Dariusz Szoen,Poland,1683.0682418054841,3,14414,65,0,2,2015-12-06T00:00:00Z,2016-12-08T00:00:00Z,785
Tomas Martinez Parada,Spain,22.54692296505565,1,136,9,0,1,2016-06-14T00:00:00Z,2016-06-14T00:00:00Z,227
Bradley Marsh,Canada,2279.6666666666665,9,99144,106.88888888888889,0,2,2007-06-09T00:00:00Z,2017-01-08T00:00:00Z,3130
Ignacio Borregero,Spain,338.2038444758348,1,8310,4,1,1,2013-01-25T00:00:00Z,2013-01-25T00:00:00Z,453
Jürgen Mager,Austria,424.8403959690611,40,153687,48.075,4,1,2012-02-20T00:00:00Z,2016-07-22T00:00:00Z,4092
Florian Dumoux,France,286.92479649766636,6,23364,6.5,2,2,2013-09-08T00:00:00Z,2017-05-15T00:00:00Z,736
C Drant,England,38.61182757502278,2,588,8,0,1,2014-12-27T00:00:00Z,2015-12-27T00:00:00Z,282
Alexey Sitnichenko,Ukraine,30.834471419885666,1,4370,15,1,1,2011-02-08T00:00:00Z,2011-02-08T00:00:00Z,779
Benchaib Ange Becheikh,France,169.1019222379174,1,982,3,0,1,2016-09-06T00:00:00Z,2016-09-06T00:00:00Z,48
Heger John Adams,United States,1925.8931714761356,1,6070,41,0,1,2010-11-25T00:00:00Z,2010-11-25T00:00:00Z,1109
Hayim Barkol,United States,65.71428571428571,7,1988,9,0,1,2015-05-27T00:00:00Z,2018-02-25T00:00:00Z,264
Homar Rassi Neto,Brazil,292.7519751595781,4,3092,38.75,0,1,2015-05-21T00:00:00Z,2018-12-06T00:00:00Z,386
Matthew Woleske,United States,250,2,1540,70,0,1,2018-02-24T00:00:00Z,2018-08-01T00:00:00Z,184
Sean Le,United States,150,1,590,100,0,1,2012-09-05T00:00:00Z,2012-09-05T00:00:00Z,818
Simon Davies,England,114.91615349709161,7,6713,12.428571428571429,1,1,2011-10-07T00:00:00Z,2016-01-31T00:00:00Z,956
Sebastian Sturmer,Germany,5636.730741263913,1,20659,34,0,1,2012-10-05T00:00:00Z,2012-10-05T00:00:00Z,972
Martin Diaz,Argentina,594.8169504721582,9,26035,63.111111111111114,0,3,2012-09-27T00:00:00Z,2017-08-03T00:00:00Z,1222
Francois Petit Jean,France,236.74269113308432,1,570,17,0,1,2016-03-05T00:00:00Z,2016-03-05T00:00:00Z,214
Nathan Stewart,Australia,166.0302599088775,3,3902,17,0,1,2010-09-11T00:00:00Z,2017-10-08T00:00:00Z,291
Luis Molina Jimenez,Spain,152.99697726287764,7,4702,10,0,1,2011-05-21T00:00:00Z,2015-01-05T00:00:00Z,1232
Joris Jaap Brader,Netherlands,613.2763046495137,5,72453,11.6,2,1,2013-11-14T00:00:00Z,2016-11-21T00:00:00Z,1695
James Acker,United States,500,1,2276,8,0,1,2007-11-14T00:00:00Z,2007-11-14T00:00:00Z,735
Roberto Zamora,Costa Rica,172.9427650712249,6,6351,15.333333333333334,0,3,2014-03-08T00:00:00Z,2017-06-29T00:00:00Z,526
Otakar Doležal,Czech Republic,38.508045978093456,1,205,10,0,1,2017-12-04T00:00:00Z,2017-12-04T00:00:00Z,64
Jean-Yves Moray,Belgium,60.125127906815074,3,582,3.6666666666666665,0,1,2009-05-16T00:00:00Z,2009-12-13T00:00:00Z,434
Lozne Cameron,United States,225,1,455,17,0,1,2006-11-27T00:00:00Z,2006-11-27T00:00:00Z,779
Aaron Muha,United States,332.5,2,8521,6.5,0,1,2012-05-11T00:00:00Z,2014-04-16T00:00:00Z,849
Mayez El Riche,Australia,153.25870145434845,1,2201,3,0,1,2013-09-02T00:00:00Z,2013-09-02T00:00:00Z,453
Nicholas Treadwell,England,22.523566085429955,2,478,3.5,0,1,2015-06-26T00:00:00Z,2015-09-23T00:00:00Z,260
Patrick Maguire,United States,618.3333333333334,3,17463,23,0,1,2012-03-17T00:00:00Z,2017-01-13T00:00:00Z,845
Paul Han,United States,358,5,71060,14.6,1,1,2010-06-18T00:00:00Z,2012-02-29T00:00:00Z,2331
Imran Begg,Canada,125,1,1646,2,0,1,2014-03-03T00:00:00Z,2014-03-03T00:00:00Z,619
Mouhamed Char,Austria,24.801615261561217,1,560,54,1,1,2015-10-01T00:00:00Z,2015-10-01T00:00:00Z,214
Jaehyun Pai,United States,60,1,630,9,0,1,2013-06-04T00:00:00Z,2013-06-04T00:00:00Z,637
Mark Fraser,United States,466.05469229650555,25,53940,197.48,1,2,2012-10-01T00:00:00Z,2018-06-12T00:00:00Z,1823
Leland Wong,United States,120,1,550,16,0,1,2011-06-07T00:00:00Z,2011-06-07T00:00:00Z,438
LJ Acquafresca,United States,350,1,687,23,0,1,2013-02-07T00:00:00Z,2013-02-07T00:00:00Z,579
Florian Delepierre,France,75.53219193293643,2,859,2,0,1,2013-08-23T00:00:00Z,2018-08-02T00:00:00Z,430
William Muratori,Italy,304.3834600282513,1,805,12,0,1,2017-03-17T00:00:00Z,2017-03-17T00:00:00Z,83
Patrick Finders-binje,Belgium,24.801615261561217,1,25,6,0,1,2016-03-21T00:00:00Z,2016-03-21T00:00:00Z,261
Theodoridis Ntenis,England,29.310999854572348,1,265,4,0,1,2017-04-13T00:00:00Z,2017-04-13T00:00:00Z,106
Mati Soo,Estonia,96.66666666666667,3,5898,3.6666666666666665,1,1,2012-07-06T00:00:00Z,2013-07-05T00:00:00Z,640
Antonio Calderon Catedra,Spain,1127.3461482527825,1,2100,46,0,1,2012-01-25T00:00:00Z,2012-01-25T00:00:00Z,740
Simon Mcannalley,United States,150,1,401,12,0,1,2015-03-06T00:00:00Z,2015-03-06T00:00:00Z,321
Rachael Orchard,England,300,1,1150,8,0,1,2007-11-28T00:00:00Z,2007-11-28T00:00:00Z,1256
John Van Buren,United States,476.6666666666667,3,2976,16.666666666666668,0,1,2008-06-22T00:00:00Z,2014-05-20T00:00:00Z,1635
Jerome Carbone,United States,75,2,645,10.5,0,1,2011-10-01T00:00:00Z,2014-07-15T00:00:00Z,644
Chieu Nguyen,England,25.533627912515065,31,9129,5.935483870967742,8,1,2012-08-06T00:00:00Z,2016-01-16T00:00:00Z,522
Al Korgen,United States,300,1,480,9,0,1,2003-03-16T00:00:00Z,2003-03-16T00:00:00Z,799
Dustin Ricks,United States,130,1,308,14,0,1,2017-04-07T00:00:00Z,2017-04-07T00:00:00Z,135
Michael Mathelin,Belgium,90.1876918602226,1,764,1,0,1,2016-07-02T00:00:00Z,2016-07-02T00:00:00Z,221
Fulvio Baldassari,Italy,286.11520883853933,2,2524,138,0,2,2013-04-23T00:00:00Z,2018-04-26T00:00:00Z,782
Brenon Hill,United States,257.5,2,1605,11,0,1,2016-03-18T00:00:00Z,2016-03-24T00:00:00Z,239
Ahn Quoc Nguyen,Czech Republic,23.532694764390445,1,2156,19,1,1,2012-11-22T00:00:00Z,2012-11-22T00:00:00Z,507
Martyn Folkes,England,32.17652297918565,2,243,10.5,0,1,2008-02-27T00:00:00Z,2009-08-23T00:00:00Z,388
Hui Fang Liu,Taiwan,115.0050242409233,1,214,27,0,1,2018-08-19T00:00:00Z,2018-08-19T00:00:00Z,20
Matthew Roberton,England,12.87060919167426,1,364,2,1,1,2010-02-25T00:00:00Z,2010-02-25T00:00:00Z,379
Evgeny Drak,Israel,3.7438378034257527,10,7518,18.4,10,1,2017-02-03T00:00:00Z,2018-11-18T00:00:00Z,242
Dylan Murcott,United States,353.3333333333333,9,19566,111.88888888888889,1,1,2016-08-11T00:00:00Z,2019-01-21T00:00:00Z,583
Kathy Wynn,United States,100,1,515,8,0,1,2006-07-07T00:00:00Z,2006-07-07T00:00:00Z,739
Nina Tovish,United States,757.5,4,6459,52.25,0,1,2007-05-12T00:00:00Z,2009-06-18T00:00:00Z,3136
Jeanette Sorz,Austria,305.79264271356726,4,4941,21.5,0,1,2010-07-18T00:00:00Z,2014-06-26T00:00:00Z,1706
Duro Bedregianu,Romania,200,1,3234,1,0,1,2017-09-19T00:00:00Z,2017-09-19T00:00:00Z,195
Jonathan Maybury,England,12.87060919167426,1,419,2,1,1,2014-04-12T00:00:00Z,2014-04-12T00:00:00Z,325
Dan Kolchkov,United States,217.7027027027027,37,40876,29.64864864864865,3,1,2009-06-13T00:00:00Z,2018-06-03T00:00:00Z,2792
Dominic Powell,England,6.43530459583713,1,77,9,0,1,2015-02-23T00:00:00Z,2015-02-23T00:00:00Z,238
Rachael Mcelroy,Scotland,25,2,734,3.5,1,1,2013-05-24T00:00:00Z,2014-03-25T00:00:00Z,424
Stanislav Grochal,Slovakia,61.46491950578759,27,52276,32.03703703703704,13,3,2011-08-18T00:00:00Z,2018-12-13T00:00:00Z,1673
Cory Young,United States,350,1,1236,4,0,1,2014-02-23T00:00:00Z,2014-02-23T00:00:00Z,422
Enrique Garcia Juares,Spain,33.82038444758348,1,153,5,0,1,2018-02-21T00:00:00Z,2018-02-21T00:00:00Z,42
M Crane,England,64.3530459583713,1,2350,3,1,1,2005-09-19T00:00:00Z,2005-09-19T00:00:00Z,1041
Gilbert Engel,United States,100,4,2500,3.75,0,1,2017-05-02T00:00:00Z,2017-07-31T00:00:00Z,240
John Stone,Scotland,55,1,1414,1,1,1,2015-11-13T00:00:00Z,2015-11-13T00:00:00Z,292
NA,J  Hovestad,1127.3461482527825,1,4511,12,0,1,2009-08-28T00:00:00Z,2009-08-28T00:00:00Z,1302
Lucas Mermin,United States,1100,1,2474,28,0,1,2015-11-12T00:00:00Z,2015-11-12T00:00:00Z,314
Jeffrey Holland,United States,332.5,2,1290,120.5,0,1,2017-01-06T00:00:00Z,2017-07-06T00:00:00Z,225
Nicholas Aldridge,England,128.7060919167426,2,1169,60,0,1,2013-06-08T00:00:00Z,2013-08-20T00:00:00Z,682
Pierrre Calendini,France,281.83653706319564,1,716,21,0,1,2010-06-24T00:00:00Z,2010-06-24T00:00:00Z,1214
Alfredo Aramendia Marzo,Spain,742.0913426579891,4,6113,91.5,0,3,2016-03-09T00:00:00Z,2018-06-30T00:00:00Z,355
Belmer Wright,United States,235,3,10187,27.333333333333332,1,1,2014-01-10T00:00:00Z,2016-06-20T00:00:00Z,526
John Moss,England,19.30591378751139,1,33,10,0,1,2014-02-08T00:00:00Z,2014-02-08T00:00:00Z,346
John Chase,United States,338.1818181818182,22,85395,25.09090909090909,2,1,2005-02-27T00:00:00Z,2018-09-06T00:00:00Z,1619
Sven Sieber,United States,325,2,1280,24,0,1,2016-05-27T00:00:00Z,2016-05-30T00:00:00Z,216
Nigel Southall,England,19.30591378751139,2,238,12.5,0,1,2014-10-18T00:00:00Z,2014-11-08T00:00:00Z,267
NA,Partik Hertliug,4.278671775343717,1,262,16,1,1,2014-12-09T00:00:00Z,2014-12-09T00:00:00Z,220
Grace Zemaitis,United States,100,2,2145,5.5,0,1,2003-09-13T00:00:00Z,2003-09-16T00:00:00Z,1078
Mantvydas Matonis,Lithuania,225.4692296505565,1,546,54,0,1,2015-08-26T00:00:00Z,2015-08-26T00:00:00Z,416
Jorge Luis Pirela Gonzalez,Venezuela,902.3552710192671,2,9995,47,0,2,2013-03-15T00:00:00Z,2013-04-26T00:00:00Z,868
Franz Giger,Austria,219.8324989092926,1,634,27,0,1,2013-12-28T00:00:00Z,2013-12-28T00:00:00Z,546
Marcin Jan Jedruch,Poland,451.339354616653,3,29298,23.666666666666668,1,3,2008-12-09T00:00:00Z,2009-04-15T00:00:00Z,4229
Chris Hamamoto,United States,186.26666666666668,15,7963,77,0,1,2005-05-08T00:00:00Z,2018-03-27T00:00:00Z,1281
John Densing,United States,530,11,46112,22.272727272727273,1,1,2009-06-03T00:00:00Z,2013-07-11T00:00:00Z,2660
Rex Robinson,United States,1500,1,4630,43,0,1,2013-03-07T00:00:00Z,2013-03-07T00:00:00Z,628
Eldar Adi,United States,200,1,1211,4,0,1,2016-03-21T00:00:00Z,2016-03-21T00:00:00Z,667
Gina Klein,United States,100,1,227,8,0,1,2017-02-26T00:00:00Z,2017-02-26T00:00:00Z,269
Shaun Lim,United States,100,1,168,27,0,1,2013-06-15T00:00:00Z,2013-06-15T00:00:00Z,454
Richard Shortland,England,22.523566085429955,2,251,12.5,0,1,2016-05-06T00:00:00Z,2016-09-13T00:00:00Z,301
Brendan Wolovick,Canada,595.617395425957,10,32173,12.3,0,2,2014-07-28T00:00:00Z,2018-11-30T00:00:00Z,691
Marion Mathis,United States,25,1,120,4,0,1,1996-10-01T00:00:00Z,1996-10-01T00:00:00Z,839
